id,income,gender,PrepaidorOther,fraud indicator,Different State ,transactionamt,relationship status change,age,DeviceChange
3dfe42e7-432f-4346-b048-aea09bda285b,$205285.36,Male,0,0,1,$101630.22,0,51,0
9a57fd78-358f-4846-b16e-b30fc0fa5c9d,$206540.81,Female,0,0,1,$100049.56,0,54,0
0bf4ce74-aac9-476b-bf6b-8609b18091b5,$668786.59,Female,0,0,0,$108395.53,0,50,0
be05b009-6d10-4da5-84b4-e2e358e46447,$449920.58,Female,0,0,0,$135512.25,0,51,0
44b9b27c-5db0-42c0-824a-b70f919a381b,$60866.46,Male,0,0,0,$62199.16,0,50,1
9eaa1694-2ef1-47c7-8269-8fdc02f26d57,$923995.47,Female,0,0,1,$117993.09,0,50,1
d14650e0-8bac-4d40-bf61-df8a57dd85c8,$206792.11,Male,0,0,0,$105639.32,0,52,0
6661d901-8af1-4a0e-8f27-c8afb70bbc49,$543449.54,Male,0,0,0,$1858.77,0,48,0
897926e4-e168-458d-b527-6a3c411cb0a7,$854312.59,Male,0,0,1,$87032.55,0,47,1
b65c88a1-b388-463d-8f10-671589b46629,$309437.63,Female,0,0,0,$110821.66,1,49,0
7a7106f5-fe04-42db-a72b-38f8d8c57059,$807619.37,Female,0,0,1,$31530.44,0,49,0
8df8ae91-aa18-4128-90f0-0945d9aa2306,$805449.97,Male,0,0,1,$72455.34,0,53,0
8327a993-85bd-4755-812e-c4573bde2964,$417867.49,Female,0,0,0,$119620.95,0,50,1
ce41071c-01fb-4c67-a0f5-ba0bcfdd54a3,$981769.36,Male,0,0,0,$63625.55,0,52,0
7642af49-8cd7-4100-a8e2-e465de3864fd,$954690.14,Male,1,0,1,$95624.40,0,50,0
99545f27-fa80-4447-8fb9-12b817bc19ef,$744902.17,Female,0,0,1,$68295.84,0,50,0
f521fb0e-7550-4367-8142-3d3fcfdc376f,$108766.41,Female,0,1,0,$120813.13,0,50,0
588d0eac-9e73-4a30-ac8d-23b43bea53f3,$273620.05,Male,0,0,1,$98073.62,1,47,1
6706a5e8-b568-4252-9272-c68270ab45e2,$835855.27,Female,0,0,1,$81268.58,0,52,0
06c58f02-8443-4e6d-8fae-f88048dbefe2,$324595.76,Male,0,0,0,$80724.83,0,49,1
8f2e9625-8953-439d-9333-56450960260b,$281122.45,Male,0,0,0,$75973.55,1,49,0
4c98ad05-ffff-4080-913e-9c57b1d60e3f,$919759.02,Male,0,0,0,$37618.58,0,51,0
4e538ef4-cae2-4361-957c-0dd1b062a2bb,$540455.11,Female,0,0,0,$106639.33,0,50,1
6998de70-4cc8-48c5-baa8-1da50a9c89f3,$898941.47,Male,0,0,1,$141425.19,0,49,1
444a7ecf-79a5-436a-a698-ac0e030d84a4,$499960.45,Male,0,0,1,$141480.93,0,52,1
52d4089c-884b-4717-bab2-1bb5d31d7c16,$76834.46,Female,0,0,0,$139552.88,1,48,1
f3ac00ad-357e-422a-9ed6-1271560f996c,$299888.32,Male,0,0,1,$87730.63,0,49,0
df3dd881-5463-447b-b210-785838ea5d9b,$279804.92,Female,0,0,0,$30326.99,0,48,1
a834bdd9-f8b5-42b1-a0c2-678e6d343e84,$877582.37,Bigender,0,0,0,$116154.15,0,49,1
e9798f44-210f-4aa9-b200-9d3f5f986ae1,$299938.39,Male,0,1,0,$11822.87,1,49,1
d776dfae-9ed2-4f83-addd-465d943c3d32,$186316.64,Female,0,0,1,$102992.15,0,52,1
3258f9bf-3c63-4567-99a6-1d3939b1c3fb,$359732.21,Male,0,0,1,$104985.78,0,53,0
bf4e13c0-41ef-413e-8415-8c98994e71c7,$693874.07,Female,0,0,0,$32123.53,0,48,1
e476cc4e-3d47-46be-af71-0cafb7ba1206,$87815.42,Male,0,0,0,$142958.70,0,48,1
1f285bbe-37b9-436d-a766-d3b83d81ef07,$345925.11,Agender,0,0,1,$144386.32,0,53,0
989d4a3c-ce15-4e3a-8c88-8770be2a9503,$326359.32,Female,0,0,0,$137065.45,0,51,1
dfa43bba-637c-4fde-b478-0ac53c87ef55,$500773.83,Male,0,0,0,$68823.63,0,51,0
7f7b5ada-7b0e-47a6-a13d-04fc921ff0c0,$140379.08,Female,1,1,1,$138714.14,0,50,1
a22b01b4-2c25-43e8-a120-b39f6e965970,$68060.61,Female,0,0,1,$30619.57,0,49,1
9f081273-a0ad-4b59-9e08-942f2765f58f,$932137.68,Female,0,0,0,$94103.39,0,53,0
63ec12ce-6e17-4f45-9c8f-cfd9dabf0616,$18008.20,Male,0,0,0,$101630.62,1,48,1
6c5e8702-e58f-47e2-93bf-72044ce31eb6,$362954.46,Male,0,0,0,$111489.18,0,50,0
072e0e1f-e9e5-4d11-bb98-7169c2f025c6,$234325.56,Female,0,0,0,$121394.08,0,51,1
161d8443-c941-4207-aa25-5389c771617e,$984932.66,Male,0,0,1,$38247.63,0,50,1
00bee1f7-06c3-496e-a0ef-6d026d517912,$4116.45,Female,0,0,0,$72516.67,0,45,0
f37428c7-a8fa-4b8c-b61a-b37b96965220,$789653.86,Male,1,0,0,$78787.09,0,50,1
f85e39b0-c01f-42de-972b-be9d7f59c533,$355077.12,Female,0,0,0,$107167.42,0,47,0
666d8ce5-84e8-4f1c-bda2-b7c70056f767,$831777.76,Female,0,0,1,$43223.34,0,46,1
6c2f6ea3-34eb-400e-b4d4-f4048c5f33f0,$226922.93,Female,0,0,0,$122133.24,0,49,0
205e2280-27cd-47bd-9636-c4596651b5c9,$148354.97,Male,0,0,0,$135708.96,0,48,1
270d6dbe-67ad-46f7-b378-8cee27835f5b,$652744.52,Female,0,0,0,$79107.73,0,52,0
b1c4ba95-3b60-403f-94bf-fb6d35fed234,$563233.51,Male,0,0,0,$88789.17,0,47,0
6cf7a315-00c2-4d5f-a3b6-d135cf2881fe,$194711.12,Agender,0,0,1,$96002.47,0,55,1
57c0ab21-05eb-4be0-84b8-5a86b8be35c3,$833064.87,Male,0,0,1,$59703.54,0,48,0
e7538186-506c-46d7-a508-65527f6500a9,$572719.91,Male,0,0,0,$76570.96,0,52,0
7fd78b29-c190-44f7-935d-5427adbc4afe,$517732.57,Male,0,0,1,$149390.33,0,49,0
872630df-9a38-4e6e-8197-b5807e144661,$925066.11,Female,0,1,1,$131628.58,1,47,1
ee80d764-fbe7-4483-9096-05ce082aa8e1,$635243.88,Male,0,0,0,$25872.12,0,52,1
ae29f825-5d36-4926-831f-8d64e753e740,$761181.62,Female,0,0,0,$145679.95,0,49,1
9baf771d-bfe8-4bd1-aeb4-52984d44a2e9,$799680.66,Male,0,0,1,$47514.26,0,52,0
cf06c49c-8829-477a-9caa-a87595d1224a,$76589.88,Female,0,0,0,$133771.26,0,52,1
17fef5e2-8553-407d-8faa-6c439fd50d51,$147021.54,Female,0,0,0,$129339.77,1,50,0
6ad5fec0-7f41-4d1b-a665-a8c574d65c09,$536061.56,Female,1,0,0,$1898.29,0,52,0
8756acc2-42a4-463f-9037-bca5684b9285,$857591.38,Female,0,1,0,$41696.65,0,49,0
4ca474bb-bd8e-4b7b-8223-cb04e21e659b,$591642.97,Female,0,0,1,$118513.01,0,49,1
6385fc34-e284-46b6-b31f-4523e6c6fb8f,$296854.26,Male,0,0,0,$21545.15,0,52,1
00853404-937a-4b2e-893a-69b84231e51b,$754590.64,Female,0,0,0,$28867.36,0,49,0
eeb21944-7c47-4f4d-85b4-f8e09244f365,$211097.40,Male,0,0,0,$122901.50,0,51,1
26b78fa8-6a56-453a-8894-2177c8a69271,$399348.22,Male,0,0,1,$113476.65,1,50,0
c0918f94-afa6-40be-8477-7f58098d65bb,$559735.32,Female,0,0,0,$22209.54,0,53,1
eaf47a09-6901-496b-9c38-d9049c4e3545,$844903.31,Male,0,1,0,$7319.05,0,49,1
00e06f51-cded-4c01-98d5-3800b8da2276,$838190.46,Female,0,0,0,$84311.36,0,52,0
f85b77ad-15e6-4bd1-920a-c83589af23ce,$130559.55,Female,0,0,1,$128234.13,0,48,0
a05ee3b4-e5f6-4b1c-aa6a-a8f924c51bef,$269961.85,Male,0,0,0,$128589.82,0,52,1
cb612d36-4671-4f1d-9b60-32d2013b6ae5,$746627.55,Male,0,0,1,$142060.51,0,47,1
1cb1d9b4-145c-4755-b2a7-9a69e6c6d3cf,$921488.71,Female,0,0,0,$6107.11,0,48,1
6b8d4b93-1aac-4d11-ad5f-74ff1f5d3bf9,$419351.24,Female,0,0,0,$103529.42,1,53,0
5df5d8e1-281d-4eb0-96fe-1cef5b2c61b1,$170188.01,Male,0,0,1,$19228.08,0,49,0
bf4ff233-f787-4137-b766-269018340235,$839531.66,Polygender,0,0,0,$93907.15,1,53,0
bce42af3-c7ca-4ae0-a642-1fe764b0531a,$760223.76,Female,0,0,0,$136809.12,0,49,1
0101ac82-c9b3-4600-b1e8-e8369a0b44d8,$643536.06,Male,0,0,0,$16214.42,0,53,1
1a16f300-54e7-4ef4-be07-80cfcc302e0a,$733321.23,Female,0,0,0,$109698.43,0,47,1
33a22dbc-07ed-42cc-b13e-1e1713130336,$997159.02,Male,0,0,0,$113590.38,1,52,0
d94d598a-e15f-45e7-ad7f-cfbb990928bd,$957846.27,Male,0,0,0,$34586.63,0,48,0
c6a5338b-4c97-4420-ba2a-9a4bbfa337cc,$877775.34,Male,0,1,0,$85734.32,0,48,1
da68b6d0-5860-48af-a7f6-02feb96d60b7,$968171.10,Male,0,0,1,$105753.72,1,53,0
66aa48e1-a0a3-42e3-8af7-6b7151caf426,$595501.24,Male,0,1,0,$54891.22,0,49,0
e1c25e69-9fd6-410e-b30a-175974d873f7,$773986.32,Female,0,0,0,$142421.86,0,49,0
17675b7d-8630-4c15-b765-12a33becb81b,$494161.62,Female,0,0,0,$69402.61,0,52,1
806fc1ef-ae43-4173-95f7-7cc229657227,$601807.69,Female,0,0,0,$52125.93,0,50,1
84a5f4e4-98d4-4588-92bb-02607f4e5284,$317814.43,Female,0,0,1,$119066.33,0,54,1
1b546894-a542-43db-9454-9ace3cbdd29d,$47889.53,Genderfluid,0,0,0,$110936.44,0,49,1
90d2b9de-42f6-44be-b1db-539e9250dd46,$467243.37,Female,0,0,1,$115117.50,1,50,0
958b82cb-19b5-42f7-afa3-d33c67ac9a1c,$427253.39,Genderfluid,0,0,0,$129982.58,0,49,0
ab2e37b9-dd3c-4833-809c-0f0252f0d6ef,$492783.86,Female,0,0,0,$48176.42,0,50,1
6b8c4e33-cdfb-4d1b-96cb-0e9acce327e9,$41424.40,Male,1,1,0,$99871.43,0,49,1
1bcdeb7e-a51a-4f5e-9bb7-f99d1df194d3,$483339.46,Female,0,0,0,$147446.67,0,54,0
1259362b-4f2c-4415-ae53-461323b9109b,$534947.12,Male,0,0,0,$115888.18,0,51,1
fe25bf2c-b2a6-420d-bfce-33c7901e0764,$177532.99,Bigender,0,0,0,$140286.84,0,48,1
08f77959-75d6-4293-9ad3-f9927f6fff88,$267129.63,Female,0,1,0,$55747.41,0,50,1
da9607f2-cfa2-41ac-add7-9d31aea46d1f,$148407.40,Male,0,0,0,$60605.80,0,50,0
3cb8de60-ab3d-493f-bb59-0c5944118e81,$293898.75,Female,0,0,1,$4120.19,0,49,1
70f7b316-174f-48e3-aa6f-c455b4d6ca7a,$764353.46,Male,0,0,0,$147452.03,0,51,0
e99f2c86-e5bf-4536-952d-dcd16ed2f120,$191457.01,Female,0,1,0,$33409.06,0,51,0
89d8da53-2eae-40d3-90b1-2d3373736038,$736147.34,Female,0,0,0,$126339.39,0,50,0
335cc19f-1078-4c71-9cc9-296a772570a9,$36949.55,Male,0,0,0,$61242.17,1,50,1
4652160e-d34a-4016-8ec4-2ad34779725d,$158701.26,Genderqueer,0,0,0,$116263.82,1,48,1
a93edd5e-daa1-42fa-8d98-724a6a233338,$291483.08,Female,0,0,0,$125674.57,0,50,0
b76b430b-502f-4d20-bbc8-77482fab9156,$49402.29,Male,0,1,1,$127772.18,0,48,1
5d9f0549-7aae-446a-b3d0-fe5f70d5d0da,$601613.80,Female,1,0,0,$86198.67,0,50,1
5be1ae23-8baf-4ee5-862b-1466a02cab1c,$68180.98,Male,0,0,0,$122494.67,0,47,0
18758feb-a5de-4bc2-858f-515394b625a4,$231076.88,Female,0,0,0,$75831.10,0,53,0
fccfead5-75fc-403b-a87c-339082dd7b43,$821734.78,Male,0,0,1,$56938.54,0,50,1
0d940a05-e1f3-4ab3-82ba-6379ca807bd1,$137818.40,Male,0,0,0,$103789.02,0,48,0
56f1ec8f-1885-4d84-a37e-614046ca8f25,$195321.11,Female,0,0,1,$147493.74,0,53,0
e25f3be6-a6c7-46e0-a06b-d4833c3b9e96,$375054.30,Bigender,0,0,0,$52382.37,0,49,0
eae02351-49b9-40aa-bb9c-c3a92ed85c1b,$821333.65,Female,0,0,0,$6337.81,0,50,0
7ed91572-91a0-4c00-aaeb-2513476d5dd3,$620770.24,Non-binary,0,0,0,$9330.16,0,53,1
287a4f77-3f66-4372-a7a3-f254b0d96955,$807763.92,Male,0,0,0,$20220.86,0,50,0
4d95e336-9c99-45e1-a974-b620920a626e,$905554.18,Female,0,0,1,$50450.02,1,50,1
157f5690-6195-4faf-9928-00b79e488e9c,$49963.54,Male,0,0,1,$108844.05,0,47,0
e86e3f1e-b206-4537-b8ef-9cdc277bb9c3,$276650.07,Female,0,0,1,$123224.58,0,48,0
cf331a19-39a1-4ea6-9fe0-7f0fea382e9b,$742665.26,Non-binary,0,0,0,$11207.77,0,51,0
f0d07f46-7942-4b51-acf5-afc12539d844,$529262.65,Agender,0,0,1,$43254.42,0,47,0
23919e1e-1727-4b4b-9c70-4f24b1fcc411,$850253.30,Male,0,0,0,$118321.65,0,49,0
cfb6ad9c-8250-43b4-bca9-35ac59fcce51,$311020.24,Male,0,0,0,$34783.58,1,49,1
041925a3-666f-434e-98ee-8b665a342e10,$850868.32,Male,0,0,1,$143968.70,0,51,1
7a5975a9-db7d-4902-bdfd-21c399e255b9,$251132.13,Female,0,0,1,$9884.19,0,52,0
8ba3e020-9464-434e-8dd0-1504175a3c98,$548180.81,Female,0,0,1,$11356.10,0,51,0
600d9d17-22b1-4cf0-a42d-09a5d5ea21f2,$510069.42,Male,0,0,0,$137524.22,0,51,0
085e2ea1-78c5-49c3-8935-3c02cdb62d8d,$961059.91,Male,0,1,1,$54967.44,0,51,1
b45f21aa-d363-40e0-8bbb-dc1285c196a3,$638668.95,Male,0,0,1,$39508.86,0,49,1
ef57adc7-dc23-4fa0-b728-b897d1886a87,$295750.10,Male,0,1,0,$36423.21,0,49,1
454b6d6a-443d-4d74-98d0-205f0fa1972f,$804310.57,Female,0,0,1,$136737.13,0,49,0
e754ab65-dd80-4c5b-a3db-c2f06f61d0e7,$989198.87,Agender,0,0,0,$56881.60,0,52,0
bf13f5f1-db65-41dc-a3b1-02d9a5834700,$203599.77,Female,0,0,0,$40528.23,1,49,0
7a05a632-a792-47fa-81cf-64d2e07b4500,$289983.72,Female,0,0,0,$15797.00,0,47,0
0dd8c4c3-629c-4ed4-94b0-4c1a8734ba0e,$90509.70,Male,0,0,1,$29666.29,0,49,1
188eafa4-0b5c-422f-897b-d270bbc4a756,$860260.95,Female,0,1,1,$116630.58,0,52,0
63716af8-9b6f-4ca1-84db-47063df695c3,$167826.82,Male,0,0,0,$79327.59,0,50,0
05278220-fd73-4e89-a6eb-7fe9551e8e3a,$250523.38,Genderqueer,0,0,0,$117741.85,0,49,0
7ea412c4-78a1-4488-bc7f-781910257c90,$50137.73,Male,0,0,1,$64012.76,0,47,0
92b20850-dfe4-4517-a714-044e05878e3c,$253670.95,Male,0,0,0,$39602.51,0,51,1
dffcde17-6dd8-4636-8482-c81e747bcad0,$605139.89,Female,0,0,0,$7355.60,0,47,0
028b5057-7673-4436-ad8d-507e8caa7e6b,$335478.50,Female,0,1,1,$89210.88,0,50,0
1a9ff2bd-a209-4605-a1a4-3a866d50f53b,$839699.10,Non-binary,0,0,1,$112629.87,0,48,0
907e025b-a3c9-4ebf-b327-190ee1f5e8e1,$922080.97,Male,0,1,0,$30648.30,0,50,0
1656280f-76ee-459b-b618-6d83ae8e394d,$512287.64,Polygender,0,0,0,$144882.35,0,53,1
b5ec0b3a-46f8-43ca-82b4-30ce15c6fce7,$587941.13,Female,0,0,0,$103359.19,0,49,0
9d554875-63c2-4487-9219-d1d42844c59a,$642318.57,Female,0,0,0,$120614.97,0,53,0
dc2e80af-e0f2-4250-987e-9546f4227d8e,$128773.79,Male,0,0,0,$53445.94,0,58,1
38862a1f-7d99-4079-af79-5a9a55ad1099,$922493.48,Male,0,1,0,$76899.14,0,47,0
1ddf6ca2-6ec1-4b7e-a345-bb1890e9a08f,$603388.80,Male,0,0,1,$83823.78,0,51,1
3a3ab8c5-9b78-4b69-b8c9-6e9ba10cee6e,$13582.07,Female,0,0,0,$2642.50,0,51,0
7f89b457-85f3-4b8f-b235-f79dc9e07dbd,$813705.17,Female,0,0,0,$12138.68,0,48,1
68c4fb6f-0082-4c7a-a0cb-2e92941f2a1d,$277317.72,Male,0,0,0,$141706.54,0,48,0
b18bf570-f049-4e62-afc2-bd6b67a6e6ed,$765596.41,Male,0,0,0,$73041.80,0,53,1
aed61db5-7064-49be-9bfb-8b94786c0403,$37307.98,Female,0,0,0,$35787.84,1,52,0
cbc1cf57-55f4-4680-8d99-9c686b463fa7,$198387.28,Female,0,0,1,$55931.75,0,46,0
75b35c2c-b3d8-4ed8-88e3-c7a1eb6b823c,$932483.82,Polygender,0,0,0,$105308.92,0,51,1
82c8c453-e555-4dc4-b032-6e7e143e7657,$369438.67,Male,0,1,1,$97197.19,0,50,1
e3f7103a-7bb1-487e-9d4d-53a989b4ff5d,$416782.79,Female,0,0,0,$41697.40,0,49,1
678ce000-4918-49dc-b253-32a248732227,$125586.40,Polygender,0,1,0,$39839.40,0,49,0
85b40caf-957e-4194-820c-1d0174510369,$913512.42,Male,0,0,0,$108111.49,0,50,0
cbf331d2-2257-4818-8de6-b228abe4ff10,$741016.18,Female,0,0,0,$33887.52,0,51,0
5849c111-f03d-4044-87e1-521c2eb74ede,$89964.79,Female,0,0,0,$24660.50,0,48,0
d5dcfcbb-a44e-4e4b-a641-6a46e5024eaa,$993006.81,Male,0,0,0,$112534.36,0,50,1
95ec6be7-72d0-4de0-bdfe-4c6012fbe389,$205732.57,Female,0,1,0,$88458.29,0,49,1
d38dbc32-6a8a-40e3-8643-da0f72efe72d,$848763.92,Female,0,0,0,$146180.24,0,48,1
55ef9e40-573a-4596-8989-058a9400cf6f,$77713.92,Female,0,0,0,$124503.90,0,50,0
e4ef5da5-ca5e-4e94-a664-883f2ba8c13f,$234128.94,Male,0,0,1,$19429.84,0,51,0
7b11d327-0eb9-4a18-8ddf-5619c8c42dbd,$345331.67,Female,0,0,0,$138887.46,0,50,1
c6f03fdb-063e-444c-acf5-69c2d5f62e82,$82373.34,Male,0,1,0,$64432.20,0,47,1
6b84d957-ea73-484e-ac36-3885d6f0c606,$234728.07,Male,1,0,1,$112721.21,0,51,1
c584d43c-c78d-4c89-8be6-8cd067f58a4f,$39057.36,Male,0,0,1,$66248.66,0,51,1
4e4b706f-a1e6-4ae4-81fc-1bfd54595f5b,$899239.77,Female,0,0,0,$110243.37,0,49,0
eae4afb2-36ae-47e2-a6d1-32aec4238b10,$152256.90,Male,0,0,0,$132123.48,0,53,0
42261614-1f6a-47d4-b397-8d55cecdc132,$236760.12,Female,0,0,0,$116586.24,0,52,0
8f333a4c-73a7-466d-9ae3-b8f55b7e7dd6,$405898.63,Female,0,0,0,$620.64,0,44,0
9319f090-a631-4dd3-8e1c-0255c8be3c07,$562847.07,Female,0,0,1,$40891.94,0,50,0
ca8e3c45-c3b6-4f68-9322-ad39f6d5fa3f,$129453.13,Female,1,1,1,$24318.35,0,50,0
89c4e19f-bb3f-4a4b-92b6-b6067ede4b26,$696436.16,Female,1,0,1,$19353.74,0,47,1
0b0b2721-3939-4ccf-8910-633d46d95b9f,$11306.02,Female,0,0,1,$37716.36,0,45,1
aaf3153c-7cc1-49bd-ae43-ce8578635f74,$447997.86,Male,0,0,0,$53848.01,0,51,1
27c61d02-4655-4a39-a889-f7de512e2c00,$844692.27,Male,0,0,0,$59289.24,0,50,1
2d0e3285-460a-4e84-ab82-ed7b95845ef1,$465984.98,Agender,0,0,0,$107950.97,0,50,0
4968ab7b-b52b-4f76-b6eb-18f9761b2f67,$535308.05,Male,0,0,1,$13291.46,0,50,0
a121fde0-5e5a-4bbb-870e-2b95f1987f78,$107144.02,Male,0,0,1,$31534.30,0,55,1
befcad0c-bd99-4daa-a288-458945e12d10,$857518.99,Female,0,0,0,$85252.69,0,51,1
a43223f0-cc33-408e-944a-442329bf5ae6,$667008.89,Female,0,0,1,$137634.09,0,48,0
8d659bf3-29b1-40ce-8124-d6b6fe627330,$890433.50,Male,0,1,0,$93982.97,0,50,1
07a857ec-7171-4ec8-b69c-d89dfb79ae8b,$440170.02,Female,0,1,0,$14605.19,0,49,1
d0fcdedc-ca79-4b93-952c-56c00affc0d1,$257476.86,Male,0,0,0,$90429.79,0,50,1
da81dd78-c8d4-460d-a7b7-c364a0c693b6,$156819.88,Female,0,0,0,$40784.41,0,49,0
5e3da266-4e30-4464-a437-7e787548f7d1,$451175.13,Female,0,0,0,$20358.02,0,50,0
3d424714-481e-4625-b8d3-daec49324a5c,$733535.41,Male,0,0,1,$116270.26,0,50,0
0935a933-9f0a-4bc9-8526-c6b50998bdc8,$141962.28,Female,0,0,0,$92728.98,0,49,0
e49ef0ae-1ff7-4bd8-a188-59eff3252e42,$73622.92,Female,0,0,1,$136163.48,0,48,1
0e52e2bf-2469-4a51-b6f4-d6d7f9f774ca,$893600.29,Male,0,0,1,$44001.71,0,53,0
a1ee1fba-1851-4c78-b92c-7d7998e290a9,$9501.75,Male,0,0,1,$68065.76,0,50,1
619a2206-6a34-412f-a274-144143597ef2,$544734.53,Male,0,0,0,$28888.56,1,50,0
ddfd66da-d1bf-4ebf-8601-71d079c3d058,$8596.29,Male,0,0,0,$98841.29,1,48,0
0780fdc9-1e9a-4ae3-be78-0cbf5d625bfa,$316562.04,Male,0,0,1,$54736.27,0,49,1
d3680f6c-c87b-4c98-b771-65d1a9b70c76,$609675.95,Genderqueer,0,0,1,$138860.01,0,56,0
b161815d-a8a4-4b84-85f3-91dd371ee31f,$232906.65,Polygender,0,0,0,$33066.45,0,50,0
71112b7e-3911-4bc2-afe9-68deee088752,$94624.78,Male,0,0,0,$105410.39,0,51,0
3d8e223c-405f-495e-9216-4e4212e88ff7,$606416.97,Male,0,0,0,$141324.13,0,49,1
1fe74ee4-2b3a-4004-9dba-506a212584d6,$91119.28,Female,0,0,1,$43054.87,0,47,1
2eab3708-b967-4e3f-8f1e-66d371981084,$139798.23,Female,0,1,1,$89293.24,0,49,1
43c82234-045d-4eb4-914e-b87c7fdc1754,$202797.04,Female,0,0,0,$90899.74,0,51,1
a8d26e87-07c4-48c2-84be-cf51783d7c3d,$888588.40,Female,0,0,0,$28091.62,0,54,0
92b00d93-e08e-480c-9f43-699701a37ca8,$317671.52,Female,0,1,0,$87428.81,0,48,1
d9192fc4-ffa9-4236-a577-4993debd5d54,$113593.71,Female,0,0,0,$133542.06,0,50,1
22411801-44a8-4e9d-8757-fd7a0ee1335a,$838390.01,Polygender,0,1,0,$125273.61,1,51,1
c5d4a849-83b8-4bb0-b8a7-6133a7d74823,$166306.07,Male,0,0,0,$3327.87,0,56,0
c36bef3e-5c74-4bb5-8762-9e1d350cb09d,$478504.27,Male,0,0,1,$16299.48,0,52,1
c7362aee-e55d-4fd3-90e7-abe7ee848c02,$321198.75,Male,0,1,1,$37360.44,1,48,1
68d73c53-33d6-4d14-9014-2689384d3918,$623307.81,Male,0,0,1,$114176.06,0,50,0
7f6a36d1-bb9a-4c2e-be2e-5c292368f14a,$728158.90,Female,0,0,1,$82625.92,0,50,1
38e9283f-d4ab-4492-9dd9-35865860e33a,$786179.07,Female,0,0,0,$148715.85,0,52,0
0aaa0755-f67d-4c28-9383-97e086c52289,$282390.28,Female,0,0,0,$16393.62,1,49,1
36d7509d-a020-43a3-9ddc-dbb7a738b31d,$223901.22,Male,0,0,1,$84813.75,0,51,0
be0b565a-453f-4683-b428-82835fe1d474,$325805.37,Female,0,0,0,$63590.57,0,49,0
37ef5f15-8282-4af6-9863-e1afbb77ce86,$382520.74,Female,0,0,0,$121519.81,0,52,0
02a068a0-fda1-476a-b15d-a61e89c82fa6,$132692.59,Female,0,0,0,$126398.33,0,48,1
ed828427-7894-41f1-aaf5-74afa3d59f3e,$714353.98,Female,0,0,0,$29306.42,0,48,1
417fb4c7-1d27-4e09-8002-3133dca7fc95,$527101.27,Female,0,1,0,$87966.72,1,49,1
b111568c-a2f0-4cc6-8734-8f72ac5ba431,$165885.48,Female,0,0,0,$34348.74,0,49,1
aaf24bc4-8576-4db7-8b7e-731aa77522f4,$980142.92,Agender,0,0,0,$99149.03,0,48,0
6fc2130c-c443-49b8-a1da-0b545f7bc5a4,$198886.22,Genderqueer,0,0,0,$86722.15,0,52,0
b41c0694-546a-4bf7-9625-0389610d90a4,$755247.23,Female,0,0,1,$129497.53,0,50,1
912787aa-3d12-4c78-b8cd-4d0489a4a721,$276796.52,Female,0,0,0,$100205.70,0,53,1
cfbb5d48-cd76-465b-9882-8df7ba3c76cc,$72256.88,Non-binary,0,1,0,$11998.84,0,53,1
3fff891f-87f3-4cd9-a634-b841befd5a8b,$596721.37,Male,0,0,0,$127691.38,1,50,0
cab294e4-dd73-41af-a51a-5d0457223f29,$51534.53,Female,0,0,1,$110661.10,0,47,0
5ace8814-ce9e-46d6-b458-7b3a93e8aa23,$863768.37,Male,1,0,1,$42033.67,0,49,0
fb4e1ace-0dbf-4427-8c08-53cd695e6eb5,$327008.03,Female,0,0,0,$57071.49,1,49,1
54bbfa7c-a258-4bad-996b-5a084097f608,$617512.51,Female,0,0,0,$117326.57,1,50,1
835a3151-d09c-4dce-bdd6-83018885cd46,$879981.68,Female,0,0,1,$62262.76,0,46,0
49e691bb-bfdb-4211-b561-b4b3964d9626,$37862.97,Male,0,0,0,$123090.46,1,46,1
8afcd338-26dd-4cdf-9d3c-9e85bfd8633b,$974243.98,Non-binary,0,0,1,$66163.63,0,49,0
bbad775f-14ed-4c0e-9f8d-3f5712846f1f,$10837.12,Male,0,0,0,$59496.71,1,49,0
28e5a1ca-9c18-48c3-87d6-89c6a827a88a,$614452.54,Male,0,0,0,$50670.95,0,51,0
5842d16e-d618-48a8-b651-618e2fd442cf,$338452.37,Female,0,0,0,$4870.78,0,50,0
c1d374b1-a740-4533-9928-84269d372755,$244987.23,Genderfluid,0,0,0,$144695.23,0,49,0
fdacd4da-0e32-4836-9645-31dcf6cb9b02,$263157.72,Female,0,0,0,$20490.42,0,53,0
ee5c96e4-51ce-4e88-a85f-510aad2704f7,$296426.13,Male,0,0,0,$136705.70,0,52,1
ac565e71-f20d-4559-96e1-662f76b7f04a,$808103.66,Female,0,0,1,$2376.64,0,50,0
a7b3bd67-a595-42aa-916a-1b8f0c77cb49,$538466.57,Female,0,0,1,$16073.76,1,50,1
42f7b3d6-a643-4d35-a6c2-d1ae7b44ae15,$417153.79,Male,0,0,0,$31806.68,0,49,1
b2a2ba10-3cc3-4365-9ac8-be3016977db7,$235325.27,Female,0,0,0,$126529.28,0,52,0
ba1a0ce8-c5de-4e58-9a4a-76c3e6aaf71b,$123753.94,Female,0,1,1,$61217.59,1,48,0
8e28183a-2e1e-47ec-9a8f-abda7cfefe42,$906221.53,Female,0,0,1,$95258.40,1,51,1
1b0379f7-4308-4531-ae60-50122889ff63,$554943.80,Male,0,1,0,$147888.19,1,49,0
00d1b445-0aac-4bd7-8666-d9f5f1cd4ef4,$43159.59,Female,0,0,0,$39920.56,0,51,1
b39d5607-fdf3-4500-a15f-224d8369b27f,$113466.83,Female,0,0,0,$29827.09,0,53,0
ab714eb1-c771-484a-94bf-2e258453da9b,$730268.93,Female,0,0,0,$111327.25,0,48,1
d91549ce-6d4f-48e3-9dab-3538704b2bf2,$790121.33,Female,0,0,0,$56508.09,0,43,1
b3228bf0-8e88-4057-837a-a6732f2358cf,$2725.73,Female,1,0,0,$112518.94,1,50,0
d951ac87-0363-4f1f-9f2e-083c9813f957,$404170.52,Female,0,0,0,$4053.73,0,47,0
4711f513-7e2e-4c8e-84e8-656a4c5b7464,$893453.15,Female,0,0,0,$21866.83,1,52,0
636b355b-5628-47e2-ba96-3f558bed74f1,$594771.01,Female,0,0,0,$123996.01,0,53,1
471cfee8-1309-4930-9df1-435073d023bf,$75973.80,Male,0,0,0,$37703.16,0,46,1
1d4f0b51-7d56-448d-91d3-912176cf0d59,$676931.83,Male,0,0,1,$11912.00,0,47,0
bf26b6d6-c558-4c14-9c69-b13527e7ce99,$579142.41,Agender,0,0,0,$1490.28,0,48,1
3e939791-a736-4d72-ba75-ae7a9654480f,$74296.98,Male,0,1,0,$44768.59,0,47,1
172ae74d-9bbb-4f85-b089-3b5cc84d4678,$537533.78,Male,0,1,0,$141940.74,0,50,0
fd960ad7-94a8-4854-8bfa-6399900f9875,$999659.91,Male,0,0,0,$53541.67,1,49,0
a5690700-e1c1-412e-8aaf-874f0e885901,$969603.63,Male,0,0,1,$21230.77,0,48,1
13953c42-e6bc-4cc6-ad6b-e43e99436d10,$975666.87,Male,0,0,1,$14883.72,0,46,0
041642e9-484c-49c2-b7d6-3ebff9c68748,$779357.05,Male,0,0,0,$16542.89,0,49,0
6b380e9e-79ac-4f47-9869-c891f6ae773b,$676083.72,Non-binary,0,0,0,$8209.68,0,53,0
53568b4f-8333-4e61-8ce7-18f877014c89,$321210.97,Female,0,0,1,$120779.63,0,51,1
650fe8d9-263d-4431-8615-de6efd52efc1,$978817.35,Male,0,0,0,$63639.27,0,48,0
d6738b1e-6219-4c00-a32d-a0ea3b3f566e,$26148.95,Female,0,0,1,$23008.18,0,51,0
6412a130-9082-4a02-92b6-f75ddab20c55,$433913.68,Female,0,0,0,$86930.01,1,49,0
9cc6daa4-3b9d-44d8-83c6-24cdf787b1c7,$137013.05,Male,0,0,0,$68957.19,0,53,0
ee784e41-d7e7-4986-8209-1def80ceb3cc,$687344.83,Male,0,0,0,$17070.95,0,50,1
0cc78d24-d84b-4d8e-bfac-6b5b0b357a21,$771556.82,Female,0,0,1,$39299.23,0,49,1
49dac514-4801-4128-a514-6e9a13a83c44,$679610.73,Female,0,0,1,$102717.60,0,52,1
e6fb5fcc-870c-45c9-89dd-f6d444d9b86a,$763759.15,Male,0,0,1,$48184.60,0,50,0
b21ba721-1478-4a3f-bb82-ee70060f457e,$461241.88,Non-binary,0,0,0,$45740.06,0,48,0
eac4d669-66fa-4baa-a539-be34cb2d96ce,$983631.46,Genderfluid,1,1,0,$69164.73,0,49,1
53ed2eee-03df-4f4c-af0e-c7d7c33076bb,$2940.80,Female,0,1,1,$100642.51,0,50,1
2e6d22d5-74eb-4059-963c-43821d089e64,$734933.20,Male,0,1,0,$18002.57,0,45,0
893b91bf-453d-47f3-a698-c7e1b61856c9,$412246.77,Male,0,0,1,$33916.70,0,52,0
2e4b054e-b541-4f2a-8dbd-a7f61a9654d3,$176975.98,Female,0,0,0,$100111.13,0,51,0
956e53bd-7ab7-44ec-a965-e12654716a74,$734043.63,Male,0,0,0,$31649.93,0,48,1
1f0d045b-0af2-437c-a265-18ba50d07e50,$655091.64,Male,0,0,1,$56342.05,1,51,0
f101d184-621d-4859-9ce1-95c09ecff632,$186644.35,Male,0,0,1,$133.31,0,50,1
bbc939bf-ab33-45d7-a651-cac0228543c2,$694023.18,Male,0,0,0,$65964.08,0,52,0
bf5100de-5fe6-4ff4-8bad-21e50d7e6ffd,$534362.66,Male,0,0,0,$123842.12,0,48,0
cf40e300-16bf-410a-b629-beed03d55199,$347568.52,Polygender,0,0,1,$51087.89,0,52,0
1eceafb6-a942-4002-964b-ee2f0ea6013d,$639728.78,Male,0,0,1,$63314.66,0,46,1
5e5ada1a-34b2-4f88-a452-d3fa602cd3bc,$937633.72,Female,0,0,0,$94211.26,0,50,1
2a1e9a8d-e86a-4ebf-9e9c-2e9668c75c93,$845153.33,Female,0,0,0,$123748.65,0,49,1
0c5968e3-e3bd-41fb-8f5b-4a3306504267,$465953.45,Male,0,0,0,$111236.35,0,48,0
1c1eb1a1-a598-43cc-b298-75dd26e26131,$769078.23,Female,0,0,0,$81321.21,0,52,1
73961543-fbf6-4f60-9c01-eed311e25170,$982679.12,Female,0,0,0,$118376.32,0,50,0
8a3e1282-1fe7-40c9-a88c-d3c12aa02d6a,$479083.56,Genderqueer,0,0,0,$100577.93,0,52,0
c1f65466-a52d-48da-b11f-844f36c20359,$443457.89,Female,0,0,1,$62530.57,1,49,0
e6f2f0d1-ed14-4dd7-95aa-d08ed8284af8,$696419.08,Female,0,0,1,$85386.47,0,50,1
9637bea0-072a-4d75-9c04-b79e0bf08316,$870509.75,Male,0,0,0,$77825.55,0,49,0
bfcce876-8779-440a-8336-a5d56dd20be7,$872978.07,Male,0,0,0,$4588.71,0,50,1
604170f7-065a-42ff-8791-56184c70e0c2,$57717.51,Male,0,1,1,$65017.90,0,51,1
8c43c464-6828-4d69-b724-ab87a0b3cbaf,$106558.90,Genderfluid,0,0,1,$129964.00,0,50,0
a66c1a75-2c46-459f-ad55-06fe02e30e6a,$411023.56,Female,0,0,0,$115385.33,0,50,1
683a4454-650f-4f59-82a7-f83628f0db79,$203427.95,Female,0,0,1,$39619.49,0,48,1
e501a126-39e5-428f-bb78-f8ee45d4626c,$334577.52,Male,1,0,1,$120980.48,0,49,0
f81d3916-7605-44de-a319-1b2b33b4d44a,$762362.45,Male,0,0,1,$98671.80,0,51,0
36fde471-434c-4eff-b191-1ff6d539840b,$191226.47,Female,0,0,0,$92539.49,0,49,0
c9b0cc8a-d9a3-46c9-9aa9-74fbd63023fa,$85610.76,Female,0,0,0,$25197.53,0,53,1
05ff29ac-15df-4b0b-8e3e-8d63cb0dc9d2,$387352.48,Male,0,0,0,$100266.89,0,49,0
ad422fc6-ecb7-44fc-9814-ebe3be1958fa,$954434.65,Male,0,0,0,$9814.87,0,49,0
8ffbcddd-2c9c-41b2-909b-ccc6c32ea349,$213453.70,Female,0,0,0,$119943.87,0,50,0
a5d5d615-7d8f-4e69-88d0-2e5154a9b2e7,$511086.02,Female,0,1,1,$610.52,0,47,0
0a4d2e97-edcc-47be-934d-3a7a1ba1497b,$31627.95,Female,0,0,0,$4630.96,1,48,1
ba632553-e8df-4989-ac90-b62d1f82cc56,$100932.66,Male,0,0,0,$114901.52,0,49,0
50f15b47-ebf0-46a8-a185-6adc95e9e1dd,$948227.91,Female,0,0,0,$83417.77,0,50,0
1a8d5178-493e-4391-a21a-b605ca9066a0,$388242.26,Male,0,0,1,$118671.46,0,53,0
a9eaf3c2-316e-4912-a0f3-8ae735c9f2ab,$782930.00,Female,0,0,0,$136161.93,0,52,0
92d72327-6b0d-4b13-97f0-3c610c7fd5a8,$603084.92,Male,0,0,0,$43128.06,1,50,0
6d96f4ef-40ba-4365-9999-a64e4c51743b,$806939.03,Female,0,1,1,$45633.49,0,47,0
fbeef4cf-6643-437a-baaa-d4afd5ca53a9,$786306.22,Male,0,0,0,$113657.79,0,48,1
2e20b546-c96e-42d0-a0c5-95720d036dde,$234860.02,Male,0,0,1,$142178.42,0,51,0
0e776ff7-4420-4cd7-9656-41b9a2ef73ab,$46146.87,Genderqueer,0,0,0,$104401.33,0,50,1
bd9dd169-5e5b-4270-af8e-6ee329287c26,$556966.59,Female,0,0,1,$136884.28,0,52,0
02a81948-c1a1-4014-aa25-e064d99a9f24,$640161.83,Male,0,1,0,$34848.35,0,48,0
dd9c96a4-645a-4ce2-85ec-2fd21afd2a32,$341484.39,Male,0,0,1,$40638.07,0,52,1
f79e9c6e-9217-4ca9-8e76-362f4aa70f32,$335270.44,Male,0,0,1,$51061.66,0,51,1
723e3b12-3328-4291-8873-38043099fffe,$609669.26,Male,0,0,1,$52923.28,0,51,0
be5fcf1b-01b4-45b8-9691-32344b45c047,$99515.72,Male,0,1,1,$75977.89,0,52,0
ef874bf4-dbe4-4d1b-93b0-dd0917dba90e,$943071.02,Male,0,0,0,$15669.62,0,49,1
818d0f7b-0192-4a39-8c0c-27aa5702a69c,$468624.93,Male,0,0,0,$114474.99,0,52,1
6798fb71-abd0-440e-a549-e14195556220,$522981.86,Female,0,1,1,$143053.16,0,47,1
3fbcec2c-adb8-49a4-b989-c639aca2dd9e,$532264.77,Genderfluid,0,1,1,$92857.85,1,51,1
22cc24c8-2a06-40f6-a246-6eb77cd0a56a,$740077.07,Male,0,0,0,$116838.25,1,50,1
336abda5-7033-4824-9d52-7550cc2b78ae,$801634.75,Male,0,1,0,$78902.62,0,49,1
bcd7e9ab-1ca5-4f5d-a323-5790b6708728,$19149.77,Female,0,0,0,$149259.24,0,50,0
e2d929f2-73f0-40d9-9a16-65de8e3532a4,$384637.96,Female,0,0,1,$14514.00,0,50,0
2e6c7b2c-62af-4f42-851c-33e436fc0e1a,$890932.35,Male,0,0,0,$107848.98,0,49,1
d0f83d6d-5608-4211-934b-830321850dc6,$651896.23,Female,0,0,1,$51008.40,0,51,1
c4bba75c-64fe-405f-96da-22feaee1ac2c,$13047.71,Male,0,0,0,$55101.86,0,46,0
86c727a4-587f-4380-8d67-d36f69412ebb,$161670.45,Polygender,0,1,0,$130636.35,0,44,0
b1cce427-008d-4c28-946c-cba6680952e8,$920254.00,Male,0,0,0,$98292.00,1,50,0
c31db7b1-ea5b-4438-a88e-f4659039c95a,$285263.37,Female,0,0,0,$121774.72,0,51,1
4124a532-e7b8-4aba-8459-0965b9336ed8,$333104.75,Male,0,0,0,$37646.44,0,50,0
b08e5c6d-a1e8-4d08-aeae-fe73600b2fe3,$47266.75,Female,0,0,0,$20337.99,0,50,1
8155bc4d-00ee-4af4-ac24-61059f96e014,$308389.77,Female,0,0,1,$67.92,0,49,1
fbbd2fab-95bb-4934-96a5-d02eadb40b95,$591231.78,Female,0,0,0,$31703.92,1,48,1
0d9aac3e-fb85-4050-96c4-4ecad2b6fcaa,$348687.33,Female,0,0,0,$29955.63,0,46,0
b98b9a92-b4ce-48fc-93d3-dc505accc67c,$530928.12,Female,0,0,0,$39601.03,0,54,1
45eca2a9-fe58-4f80-b951-bc3a53d2ae51,$565157.89,Male,0,0,0,$14277.99,0,50,0
f381c73e-1444-4745-b88a-0554fa030553,$252518.53,Male,0,0,1,$51661.60,0,48,1
48fe790c-f6f8-4f50-b98c-e0e237df4f9b,$479720.61,Male,0,0,1,$137838.65,0,52,1
f6662769-fed4-4150-b5ba-065d1cb2c1a2,$610493.52,Agender,0,0,0,$19309.98,1,49,1
91a53c93-d8e8-4ca5-9f8d-7ab094309ed3,$28952.90,Male,0,0,0,$23541.90,0,53,1
9d6cb666-1b70-4903-ba06-f0c3f53e3d15,$688834.84,Male,0,0,0,$71153.19,0,51,1
1d42e82b-2714-449d-948b-2dfa48a35e2b,$324863.49,Male,0,0,0,$134203.07,0,51,1
c356d19b-63ef-4c89-bd12-fd8342cf5680,$149644.17,Agender,0,0,1,$44058.92,0,51,0
19506c5d-d8f3-42cf-a95f-018128b31423,$316458.41,Female,0,0,0,$145405.16,0,51,1
fd4555c6-e575-462d-8811-a9c6dbaebc27,$230717.37,Male,0,0,1,$40067.43,0,52,0
37afd8cd-efef-4805-9b77-a35c0cebf06c,$415922.58,Male,0,0,0,$60329.40,0,43,1
fb5f61cf-74ef-4ff0-9cb1-e659b7b49e2a,$772406.07,Male,0,0,0,$78539.14,0,53,1
5a81318d-1f2a-4475-83a4-16bb26eafce5,$636883.62,Female,0,1,1,$107340.81,0,52,0
7bb4b9d9-e468-48bb-ae10-7359f814f35a,$234275.18,Male,1,0,1,$104482.10,1,49,0
62103941-6396-4625-8539-126604f76de1,$537480.56,Female,0,0,0,$149015.95,0,50,0
91e4606e-cf27-4e2c-90eb-dcecceeebc6e,$472502.51,Male,0,0,0,$47068.41,0,53,0
28233a4e-e6d3-4330-a09e-499cbae06945,$281615.54,Male,0,0,1,$94508.30,0,49,0
ffb68b07-82b6-4272-827f-51c976d2242b,$880882.49,Female,0,0,0,$119381.69,0,49,0
2bf1e480-ae3e-454e-804f-8ce713b12986,$660806.12,Female,0,1,0,$6656.58,0,53,0
2b73c4f6-6a72-4dcc-bd27-b5f4507b952f,$197598.00,Female,0,0,0,$144064.08,0,51,1
4755436c-3c90-47ac-b898-11e8437e1ff9,$606788.99,Agender,0,0,0,$29263.21,0,52,1
878dcc32-a264-47b1-9cb3-a7ba57849e66,$937040.26,Male,0,0,1,$1174.01,0,46,1
0315fcae-3781-4757-aa8b-d6fadb80ade2,$763910.88,Genderqueer,0,0,1,$51385.29,0,52,0
bbd601e4-e45b-4e51-af34-56630cbd20af,$583741.73,Bigender,0,0,0,$116525.42,0,54,1
b381b2a1-ea6e-4c6e-8ebf-75941bbfd785,$953253.00,Male,0,0,0,$121986.89,0,50,1
f60de95f-cef5-4ef6-9f27-f1e6f2835438,$317530.48,Female,1,0,0,$119223.01,1,52,0
dfb81370-ac54-4d7b-bdee-52487b2c4fc1,$971518.69,Female,0,1,1,$11059.31,0,52,1
93ce9d4a-0e84-46b9-ba05-2722cc3b2227,$418796.25,Non-binary,0,0,1,$91825.91,0,51,0
a3815e40-3525-4563-8c07-a934fe3d17bb,$518228.62,Male,0,0,1,$122210.40,0,47,0
469e2a26-6c43-4a0e-95bf-a164eaa123f6,$3792.41,Female,0,0,1,$140121.23,0,48,0
c925bb0e-8286-4c3c-b79d-edf5a57eda0a,$867301.66,Male,0,0,0,$127183.99,1,53,1
bd912054-7561-4350-84fb-ef99cd90073b,$262701.20,Male,0,0,0,$16079.27,0,49,1
a45cf797-b240-4ebe-8363-339ec4753784,$136404.09,Female,0,0,0,$83322.21,0,48,1
8d6e1058-32fa-4fbf-9736-d3804a44af58,$674950.03,Female,0,0,1,$135879.94,0,51,0
dca581cd-6b7a-4a6a-be71-b9b8f9852f29,$95900.79,Male,0,0,0,$99108.27,1,50,0
43ae8c19-f031-4e50-85b9-80e396f1f380,$695599.06,Female,0,0,1,$39560.12,0,51,1
0fe6d85a-51df-47cc-bdf4-8033d611f6ec,$403251.22,Female,0,0,0,$87522.90,0,52,1
fc46d867-2c70-4c94-8339-41caf03ff264,$526958.68,Male,0,0,1,$26328.03,0,52,0
22ac4d81-3e85-42c7-8b7f-1398bfbcd2b8,$864705.04,Female,0,0,0,$9860.08,0,48,1
1d0cdd53-8547-493b-9482-49f6a7015f1f,$259953.64,Female,0,1,0,$125991.74,0,52,0
0bb19936-2060-4330-a0c9-91f6f98e421f,$849324.86,Female,0,0,1,$80648.86,0,50,1
5a7894b2-cb21-4e9d-be7a-dd8a991536f9,$160495.58,Male,0,0,0,$27389.15,1,49,0
33c82d1d-7c2e-47c0-9b8a-0e2d349ca894,$5225.27,Male,1,1,0,$20850.37,0,47,0
3481735d-30e7-4b84-b4f0-c48ac37c5717,$865525.76,Male,1,0,0,$77129.13,0,51,0
4c3601fe-b31e-4187-af68-b767c05f80cd,$688428.33,Male,0,0,1,$12255.42,0,52,1
0d358372-d1db-44cd-8ed6-0f7706317a5d,$108632.77,Male,0,0,0,$32127.56,0,52,1
15cfabf9-c54d-43fd-be70-d7bac07ef71a,$557967.87,Female,0,1,0,$29825.89,0,51,0
f48ea95b-c65f-41b5-86d2-62ee365b40ef,$493416.64,Female,0,1,0,$69833.65,0,52,1
2621baa3-2e24-4f22-bd3a-06d9af497751,$540909.80,Genderfluid,0,0,1,$38762.75,0,52,1
5e10f18e-63fe-4f9e-bd0e-6dc53141f31b,$661284.56,Male,0,0,1,$41950.91,0,49,1
ec5fcbc8-6be7-4973-b8f2-a1b93301595d,$938401.14,Female,0,0,1,$124574.61,0,50,1
8ee52903-0294-4a8d-b208-32c923eae966,$788177.00,Male,0,1,0,$48538.68,0,49,1
b9337c3c-b7bd-4a7b-8151-eb56d52d7c52,$189680.08,Female,0,0,0,$53549.98,0,54,1
9d08ea46-12b5-4017-91c5-c6047baca489,$78614.23,Female,0,1,1,$45511.63,0,51,0
cd1833af-c1b5-45cf-a01b-6c6d675102c5,$590370.42,Male,0,0,0,$102393.79,0,52,0
433ce527-aae2-4994-bc8b-76396ce2a4b0,$215045.23,Female,0,0,1,$25939.35,0,50,1
7613d4e7-e489-409f-9642-79e42558e1f0,$324772.05,Male,0,0,0,$116135.21,0,51,1
7a726069-50a1-4c36-86e3-a4d1ad86d277,$935864.28,Agender,0,1,1,$49651.84,0,50,1
a67b060b-a3fa-4e9b-a8fc-f3e769a38a52,$958134.28,Male,0,0,1,$75302.54,0,49,0
2cc6e020-fee8-4d6c-917e-43f818832178,$579095.57,Female,0,0,1,$19949.99,0,51,0
eef72442-4b28-4bc7-976b-94f23fe25d55,$424275.32,Female,0,0,0,$37795.03,1,48,1
c3d8ff01-a159-44c8-846b-49a68dbd0133,$853774.80,Genderfluid,0,0,0,$140644.55,0,49,0
f9dc2e6c-ed63-42f8-9f4b-a926e22176d9,$540846.15,Female,0,0,1,$144746.90,0,50,0
4bf18328-8c5b-42a5-bec2-c5e6b049aac9,$696741.69,Male,0,0,0,$88638.37,0,46,0
bac07954-db7e-4e84-be6d-2f156d572252,$177807.69,Female,0,1,0,$30943.99,0,54,1
9c95c100-549b-4ac9-8dae-735ba30da962,$693353.89,Male,0,0,0,$67154.98,0,51,0
1070a2dd-090a-460d-8650-737e4688bef2,$442507.95,Female,0,0,0,$53429.10,0,51,0
eacf7c5e-79fa-4440-8468-5b621f4cb8aa,$394653.75,Male,0,0,0,$53304.89,0,47,0
47876207-9e6c-4a9e-a6da-6ae65159c6e3,$323409.95,Male,0,0,0,$111904.94,0,51,1
b06b959b-2981-4cf0-8ade-244dbc69ae76,$644815.21,Female,0,0,0,$100692.88,0,51,1
d2d8f078-73be-4a35-a4cd-fbc6e11938a3,$185105.25,Male,0,0,0,$78964.22,0,50,1
9add7a2f-8ef4-4929-afda-e60a0751b455,$406209.00,Female,0,0,0,$131554.26,0,51,1
2a1415bc-9fa7-40c1-a63c-dcc944527d13,$804919.10,Male,0,0,0,$78022.18,0,50,1
0f6b2fcf-04b3-4e89-8022-eb5654918bd7,$791062.15,Female,0,0,0,$56922.23,0,51,0
53ec7ab0-b34c-4907-84fa-6940211408ec,$437668.30,Female,0,0,1,$23792.35,0,50,1
a5e3343d-2aab-4ed0-aef0-0398fa337d13,$841699.07,Female,0,1,0,$88331.73,0,47,0
fe38ca9b-60e0-4dd8-ad22-a4cacadad0a2,$102015.06,Male,0,0,0,$132888.48,0,47,0
a0a2f7bd-9751-46b9-b4e2-8ec24d6ad710,$41940.77,Female,0,0,0,$122716.84,0,55,1
1c073280-bf55-47de-b246-80ccd76ccd3f,$499202.70,Female,0,0,0,$6212.95,0,49,1
1d08c69e-c77b-4c3b-b39d-aae81b0a2429,$542593.64,Male,0,0,0,$113626.35,0,54,0
2df777e8-2a19-4012-af94-c97a4bc4272e,$962098.80,Female,0,0,0,$2446.76,0,48,1
562d6c00-aff5-472f-972b-06a2f43ece75,$405947.31,Female,0,0,1,$19645.29,0,49,0
1c559fbd-0851-4288-8026-64d2e1471bc7,$503965.21,Male,0,0,1,$10598.44,0,51,1
8481fa2a-dbc6-4306-88c1-871237d3105f,$749609.03,Male,0,1,0,$141653.58,0,53,1
81ab24ae-08a9-4f08-bd1f-c9349a9a5a0e,$84935.78,Female,0,0,0,$129897.95,0,51,1
f8417e7b-1fae-4eb8-b623-8f01634838de,$742371.01,Male,0,0,0,$104475.08,0,50,1
cf6a71e1-e442-4b2e-9177-c2eb333d7f0e,$79885.34,Male,0,0,0,$136527.70,0,54,1
42e36668-df1d-4b28-b724-bbac9e176097,$420886.87,Non-binary,0,0,1,$17277.68,0,51,0
2fd900e4-8599-4b21-9fef-04171f20d999,$280298.64,Female,0,0,1,$47553.67,0,51,1
18f03954-e966-426c-aed2-a101899f2c27,$668317.62,Female,0,0,0,$147923.79,0,54,0
c5987d0d-45bc-4976-a624-d4ce13955a97,$510692.94,Polygender,0,0,0,$22575.03,0,50,0
d23e9d24-9757-4e76-b5a0-5a1660473a4c,$537967.76,Male,0,1,0,$82957.13,0,47,0
89ece8a5-5b20-43c3-a06a-2588980c891e,$569077.26,Male,0,0,0,$119199.38,0,51,1
ddf139bc-e4b9-42ea-b29a-114e9924b428,$231445.53,Genderfluid,0,1,0,$11128.95,0,49,0
9f773dac-0833-4c73-9986-b5ccdf10b716,$971680.98,Male,0,1,1,$4998.66,0,51,1
2e5767be-d4f4-4f6b-8586-ffba8823d684,$307542.57,Male,0,1,0,$97457.37,0,50,0
d8073ec0-7461-4c70-a560-e8ea6695370e,$912456.41,Male,0,0,0,$9395.84,0,50,0
05d50147-872e-4398-af5c-3e2d4d7d2381,$175138.41,Male,0,0,1,$29423.35,1,50,0
837a20e5-ab66-4887-a136-fe18b936ee56,$527367.19,Female,0,0,0,$38917.08,0,47,1
86d9b915-0bf5-4351-947c-4f1a07c4e56b,$563594.74,Male,0,0,1,$117385.38,0,48,0
ccf573ff-c47f-4188-86a1-563133554aee,$662958.95,Female,0,0,1,$11853.74,0,52,0
ebac59e1-ff4c-432a-966d-2ecf274838c3,$830717.79,Genderqueer,0,1,0,$47042.38,0,48,0
49efea27-849e-4791-a6fd-f6a936715494,$95413.10,Female,0,0,0,$43750.07,1,50,0
808c22a3-157d-4394-82b9-d16364df7224,$817979.19,Female,0,0,1,$106965.53,0,50,1
60ada882-8de5-453d-8244-8c94c50d0bb6,$449956.99,Female,0,1,1,$7396.73,0,53,0
21edce6c-7208-453d-b66d-28618150e3de,$82285.64,Male,0,0,0,$147426.93,0,51,1
a893bbe5-f57b-4f41-9e97-c7a4e30c9219,$710571.30,Female,0,0,0,$111839.81,0,47,0
4f103861-ec46-4540-bc2a-a1d07784307b,$400878.34,Male,0,0,1,$123475.52,0,52,0
fe432e3a-bae6-4000-9e67-6ea5ad15343d,$519473.37,Male,0,0,0,$50475.95,0,51,0
54e02dfd-fcec-42b8-bb80-d9882704a569,$460671.30,Female,0,0,1,$44037.19,0,49,0
73d74493-2db0-4221-9955-f532d32b50ed,$168492.61,Female,0,0,0,$146248.17,0,49,0
9b894588-918d-43ec-83be-b625c3ea4ca1,$936319.53,Female,0,0,0,$134020.82,0,49,1
7f038280-ed64-48b6-91b3-a4005d9d0338,$687061.83,Male,0,0,0,$52474.05,0,47,1
c4747881-d885-42e5-9260-85c760ba324b,$527261.87,Bigender,0,0,0,$67432.69,0,49,0
2837c19a-a872-44a5-9a4f-a29f3b77cb5f,$783120.74,Male,0,0,1,$67836.04,0,51,1
a08a32ed-1ee9-4216-aef2-b37eca843fac,$244998.08,Female,0,0,0,$8980.82,0,50,1
cf9ceb25-ecd6-4f9f-af1c-b4557030fccf,$368919.09,Male,0,0,0,$92222.42,0,51,0
fa8b0959-89a9-448e-ac98-76240ccf3666,$449513.78,Female,0,1,0,$2569.48,0,52,1
3a2ceedc-92ef-4d04-9937-2093ce0d29ff,$678359.96,Male,0,0,1,$5823.63,0,49,0
226c47cf-1837-4077-ac4d-42359d2fabca,$909877.54,Female,0,1,1,$86203.69,0,49,1
0305e2a2-4860-426f-a861-30dd98fe206c,$368462.85,Male,0,0,1,$105567.30,0,50,1
31335bd6-f35c-4419-a232-8114be684299,$134129.12,Female,0,0,1,$21018.45,0,46,0
670e342e-16c0-4f9f-ab74-7a4ccdecc155,$633409.29,Male,0,0,0,$55950.47,0,52,0
9fca166c-c8a5-4f03-95c9-f66698d4350b,$624765.36,Male,0,0,1,$111061.73,0,50,1
42f73aaa-a900-4318-b287-296cc2603a0e,$567140.40,Male,0,0,1,$40549.11,0,45,0
5bf048ba-a7d6-4ff9-b7fe-57147e5530b1,$324503.95,Genderqueer,0,0,0,$49293.27,0,48,1
c9cc5bb2-d428-4515-aaac-b7b8e3aa424a,$392812.47,Female,0,1,0,$55808.42,0,47,1
f39a9031-aa47-486d-a177-bff4a3c4b3e7,$434902.39,Male,0,0,0,$94203.61,0,48,1
9fb8acb1-338b-4a65-9a56-890f9ebcf120,$385775.05,Female,0,0,0,$90306.49,0,54,0
de1b1d30-2ade-4b70-b658-5f70b1dff606,$487134.83,Male,0,0,0,$53432.30,0,50,0
45989df8-9c4f-4895-9ef2-9223d9cb40c2,$764707.98,Female,0,0,1,$147828.64,0,47,1
98c76557-d962-4b88-9047-22dd60396789,$422913.88,Female,0,1,0,$96244.01,0,51,1
4157567c-4362-472f-a648-f7a798c67913,$525661.82,Male,0,0,0,$27329.81,0,49,0
635231e5-841a-458d-8208-44758fabb9d9,$507946.84,Male,0,0,1,$86540.16,0,49,0
310d4eae-f66c-48c0-9bfd-74cb20695ab6,$179025.29,Female,0,0,1,$49055.04,0,50,0
a0880c76-1746-4c27-a4bd-7bb602ec0087,$178391.74,Male,0,0,1,$122031.98,0,48,0
8dd45b0e-5e0f-4aa2-8b68-b1f080b02119,$556661.94,Male,0,1,1,$86366.13,0,48,1
a9b16064-43f2-41a1-81f1-0754ae6bc2a7,$863760.91,Female,0,0,0,$98467.36,0,50,1
3e458c3d-3a38-4b36-8b80-b0bcb0f4f0c0,$353076.25,Male,0,0,0,$89531.03,0,50,0
53683189-b557-4bcc-bd53-9ae47013798b,$208176.44,Male,0,0,0,$83432.84,0,52,1
69414508-628e-48b8-a233-3efe643133e2,$785370.57,Female,0,1,0,$104403.79,0,52,1
5e19cd48-9bd9-4a4d-aadb-f8249ce416ae,$397088.76,Male,0,1,1,$24063.23,0,48,1
894e7671-f024-4b67-8ae3-3d3a3e4caee7,$517140.84,Male,0,0,1,$86445.29,0,52,0
fa08edd5-e24d-449e-842b-695477620f76,$785204.58,Male,0,1,1,$1566.11,0,52,1
46669a9b-9f28-41fe-b8d2-6b4c0d0b3820,$119320.64,Male,0,0,0,$45175.54,0,47,0
cfc2286a-a5ed-4683-8ffc-cf895f030c05,$606849.36,Female,0,0,0,$49947.22,0,50,0
dfdb7c62-129c-4973-8ba3-b25d9ea86f75,$6420.32,Female,0,0,0,$30971.62,1,51,1
326dfdce-bccb-4500-87f1-91dc884be935,$437771.35,Male,0,1,0,$127397.39,0,52,0
1e3acf1e-937e-4ca9-b8ab-0d475586e527,$272717.20,Female,0,1,1,$25009.21,0,51,0
7cd1cdd3-4c0a-41fb-bcbd-0441e155a2f8,$16143.00,Female,0,0,1,$110841.48,0,52,1
4dbf86eb-46fa-400b-ab20-c0d7df4c454b,$231877.55,Female,0,0,1,$40242.28,0,49,1
976f75c0-15b8-4609-b5ee-ed92edf9148b,$226002.38,Male,0,0,0,$62317.06,0,49,0
4dcc31c8-4f4b-4f63-8bde-df4e45355cb9,$482013.10,Male,0,1,0,$87779.64,0,48,1
0881441f-ab75-48d3-a926-4a527645e181,$176035.91,Female,0,0,0,$85336.55,0,52,1
859fe4b4-0908-479c-bfaf-fbac5ed72b5a,$650507.34,Male,0,0,0,$56857.24,0,52,0
25b8b0dc-5bfb-4d11-8bc5-1f37f2708604,$224724.93,Male,0,0,0,$52996.81,0,47,0
2c544470-b1f9-4815-a6f1-9c2103287649,$462307.11,Male,0,0,0,$25255.32,0,53,0
53a9328a-5b5c-45b9-8fbb-156f5e74b964,$143583.69,Female,0,0,1,$116952.11,0,53,1
580fa5a9-6360-4b6d-aab7-d1d4d72164ce,$89355.96,Male,0,0,0,$41811.20,0,52,1
44805585-db83-4692-8842-d5da429eea0a,$857215.31,Male,0,0,1,$148153.96,0,51,1
9c208afb-d75a-4e8d-88ba-8ed6fac6e7ab,$256887.81,Male,0,0,1,$79330.37,0,49,0
6ba7d28b-f3fb-47a8-b064-f1cfbc1b9cf2,$229901.11,Male,0,1,1,$135862.60,1,49,0
c8b89b97-94f8-4d3a-b969-d0734c6f4c5b,$832821.25,Male,0,1,0,$90069.37,0,50,1
0b6e5e97-b6a9-41ca-aef4-d40eaf30f0f7,$52640.62,Male,0,0,0,$109666.42,1,51,0
4cfe37ad-b80f-4bdd-bba7-edc76440b907,$520753.28,Female,0,0,0,$56367.29,1,47,0
e9c41536-b7de-4dd2-b743-e47d725eda1e,$486622.72,Male,0,0,0,$55934.26,0,51,1
537342a1-725e-4f10-a10a-70a35c505548,$622966.22,Male,0,0,1,$122872.41,0,49,1
9426c63d-0278-4c57-9810-9b628c0bf6a6,$509866.32,Female,0,1,1,$87036.29,1,46,0
bad03d62-f165-4d93-864d-08a8a9ef7880,$923330.95,Female,0,1,0,$40305.83,1,49,1
c0431f7e-bc74-4934-b78b-9dd3d913828c,$523931.47,Non-binary,0,1,0,$134956.95,1,46,1
9806f13b-a6c1-497d-a9df-a728b3992d29,$734291.13,Female,0,0,0,$134562.12,0,49,1
5e896205-0adf-47a8-9a22-6ca4d64b1621,$319395.36,Male,0,0,0,$81866.06,0,51,0
f8f3a382-5961-4da7-b5c4-c381c1d2ad4b,$658626.69,Female,1,0,0,$69248.07,0,51,0
fb0ed4b3-40bf-40ef-8dfa-dcebbb44fcaf,$362466.17,Male,0,0,1,$127391.58,0,52,0
9a26d3d1-ec13-4517-959f-9de14c1ec25d,$386982.89,Female,0,0,0,$132195.44,0,50,0
8697548b-6898-42ff-85c3-d3d409fce868,$825686.25,Male,0,1,0,$87840.50,0,48,1
797de0ad-d012-408f-a413-a7dd95063f32,$758017.35,Male,0,0,0,$46841.14,0,51,1
ca420739-73ab-4e59-acbc-c7ca5998645c,$522918.58,Female,0,0,1,$102177.40,0,50,0
8fa76916-3b04-4d27-928d-3458fadbb9d2,$903352.59,Male,0,0,0,$13754.69,0,53,1
88ad6162-fc2c-4ed5-86ed-93f358f28e6f,$551651.40,Female,0,0,0,$26756.45,0,51,1
4061a81a-5fe9-4e99-83bf-8aab90eee14b,$871832.97,Male,0,0,1,$141485.33,0,51,1
334a1189-ffc9-44c1-891b-fe72db6d68da,$58216.59,Male,0,1,0,$105139.13,0,47,0
24826c10-c920-4166-9b05-32fc30367654,$93589.47,Female,0,0,1,$121560.63,0,49,0
a2dbddef-b9d5-4b48-9e90-967bf3459312,$914638.69,Female,0,0,0,$40121.55,0,51,0
a58eea8f-10bc-4ff9-a070-66da88f08519,$655001.28,Female,0,0,0,$110524.39,0,52,0
b11be208-1938-4e26-bef5-663bbc71f13f,$641891.41,Female,0,0,0,$90701.85,0,51,0
959b7deb-ef5d-4e85-b49d-ad47c6e55219,$562691.86,Male,0,0,1,$81826.99,0,49,1
c916684f-b6b7-4c4e-9a8e-3bdb91e316b2,$469760.22,Female,0,0,0,$43263.15,0,49,1
c68d373a-f782-43a5-94fd-bb541e273ebe,$967428.91,Female,0,0,0,$38548.78,1,51,1
82cbaf75-fcc3-4780-a76f-e8b6711de1ff,$666495.34,Female,0,0,1,$32585.75,0,48,0
d93f7fb0-3573-4aee-8fdc-5462010ad748,$356794.31,Female,0,0,0,$20124.02,0,53,1
be31fdd3-f4ec-41da-9447-40a17554b4a3,$737898.78,Female,0,0,0,$129001.60,0,51,1
33f79d88-6a80-4948-a0d9-9fe1decabde4,$349658.25,Female,0,0,0,$9264.83,0,51,1
da1cc738-974f-4307-8ab6-167868992e7e,$152232.66,Male,0,0,0,$148951.82,0,52,1
183cbd96-a4cd-4ffe-a968-7d7cd68440a5,$133599.13,Male,0,0,0,$119950.93,0,53,0
a56d9b29-4e5e-4b48-9463-65cec89fec1d,$304631.52,Male,0,0,0,$43702.09,0,51,1
8d9caeae-4d56-47ba-8663-335d8f211775,$873213.15,Male,0,0,1,$68015.83,0,49,1
82eab7a3-d2c5-4567-8eeb-1ea645e8c2a3,$564843.62,Male,0,0,1,$93327.49,0,51,1
e73646cd-55cf-4381-90ae-381099107ec3,$513552.06,Male,0,0,0,$104505.61,0,50,1
3d3056f8-221f-4062-aef9-08408e4a67f4,$990069.01,Female,0,0,0,$43534.23,0,50,1
6d9a2ada-8809-4fd9-9b2d-f203ddf96dec,$40092.60,Male,0,0,0,$1775.64,0,49,0
2fa11636-5877-457d-a6e3-7692541b156b,$172759.98,Female,0,0,0,$74012.45,0,51,0
0d7868cf-b6a9-4b69-b8ee-168c10a187cd,$479125.40,Female,0,1,0,$67700.23,0,51,1
3470cf49-ff5a-417e-a9d1-eb726e321c6d,$781826.35,Male,0,0,1,$67344.59,0,49,0
d948989e-da20-4867-9bd0-7027a777ebea,$958863.77,Female,0,0,0,$89115.53,0,51,1
ddac9fb6-08c9-4230-b476-b159f345cc02,$656153.11,Genderqueer,0,0,0,$65399.60,0,51,1
8f2dd72b-dbd4-417f-8b68-ccb5a9cecef5,$792696.54,Male,0,0,0,$1996.95,0,49,0
3320659f-c4b4-4244-88a2-32f19dcc0e7b,$487834.02,Male,0,0,0,$106434.39,0,49,1
ea361b71-219b-47e9-850d-ccacd8a68fd2,$121136.83,Genderfluid,0,0,0,$21608.81,0,50,0
0f49308a-ada8-4a7f-a887-35e5013a3834,$494310.70,Female,0,0,0,$109638.85,0,49,0
4fcc2c69-9a90-48fc-9d58-544ed7e8996d,$159494.45,Male,0,0,0,$119855.03,0,51,0
dcb573da-50d5-4a0b-9ece-870f8a7b5249,$592103.12,Agender,0,1,0,$109772.67,0,51,0
48da1254-f387-492e-9fb8-1aa7a7428d6d,$799065.18,Male,0,0,0,$73635.09,1,47,1
80dfa78d-e3be-4474-b4ba-549facc6ebcf,$794701.60,Male,0,0,0,$115875.73,0,51,0
273511c1-eb6e-4a19-898e-137bc326e598,$546854.59,Female,0,1,0,$44066.80,0,48,0
47b76c8e-30ba-4b01-a1f2-7e709096aaa6,$947421.51,Male,0,0,0,$59478.72,0,52,0
4b1c9f42-6830-40b4-8e24-fa6892dbfd68,$710435.17,Female,0,0,0,$50324.42,0,51,1
f1bd52ef-140e-4542-bd2d-8d4ccbf43beb,$62735.20,Genderqueer,0,0,0,$47283.60,0,52,1
75ec31a8-93c5-4698-85ef-de2d141f1663,$574502.25,Female,0,0,0,$14738.32,0,49,0
b0dee2db-4325-4325-a3bd-800f65a1e307,$66528.75,Male,0,0,0,$67332.99,0,52,0
f8ec1c6f-17b7-4863-b574-e976b9a1607e,$636488.02,Genderqueer,0,0,1,$44574.45,0,49,1
eee0a202-3164-42c5-b756-b4654f06f2ff,$100189.55,Female,0,0,1,$103118.29,0,47,1
94264fec-0f52-4623-b734-3b3b3fb9d67d,$918710.98,Female,0,0,0,$142345.03,0,53,1
ebba87bc-74b6-4206-871c-c83e486864fb,$149522.75,Female,0,0,1,$88658.89,0,54,0
ed8ecd21-4112-447f-bea5-52cc9c0aeb92,$932448.22,Female,0,0,0,$7747.72,0,49,1
c0f5cc4c-488a-4c00-9544-85f88a9e8dbc,$135365.70,Male,0,0,1,$104673.01,0,49,0
466da1ea-a1f1-497f-8197-f26201f01e5c,$749322.06,Female,0,0,1,$29969.14,0,56,1
5cb59d54-fcb3-427f-a57b-4773fc989e1a,$722567.66,Female,0,0,0,$37231.21,0,52,0
387a6673-beca-422e-a92d-d05465c2390b,$896187.15,Female,0,0,1,$106220.03,0,52,1
8fc37633-b161-420a-8a1a-f879f29bea09,$942064.93,Female,0,0,1,$22804.02,0,44,0
3d53901e-df4b-4ccb-88e5-2e196491655a,$693397.85,Bigender,0,0,1,$118261.48,0,51,0
8b1f9695-8388-41aa-8035-e5dd0f31c8f5,$340533.55,Male,0,0,1,$65643.99,0,47,0
2f833df9-49fc-4b09-8177-e1c463818888,$912286.06,Female,0,1,0,$115619.71,0,50,0
ad7b0ece-1112-4bb0-bcf0-87d27eae6e7e,$645469.09,Male,0,0,0,$105500.08,1,52,1
aa2501b4-e50a-4127-849f-54a5029e46ed,$980061.74,Male,0,0,0,$42050.12,0,51,0
147053f2-057f-4ff2-80c0-20ad80d6caee,$98184.22,Female,0,0,1,$22340.52,0,51,1
feba8c6f-8582-40da-9d2c-c8c24f661dd8,$28946.45,Female,0,0,1,$68638.94,0,51,1
a7764c69-194a-4e46-b5b0-ed517eda35c5,$969030.56,Male,0,0,0,$49989.45,0,47,0
c749d1f1-ce43-4b38-ae2b-1788b64e82f8,$714480.51,Male,0,0,0,$118919.51,0,49,1
f9afd668-d3cf-4e6c-ab79-b18171922f02,$42746.27,Genderqueer,0,0,1,$77948.99,1,53,0
e1e9158f-3d2d-44ec-a3f8-89f2ab452d1c,$976776.41,Male,0,0,1,$109536.82,0,47,0
acabad01-5e6a-48d6-af89-174c6143fcd8,$39909.26,Genderqueer,0,0,0,$99784.39,0,50,1
560e311d-de3e-4a28-90b8-fa10d5c53cff,$262613.03,Male,0,0,0,$123495.83,0,49,0
229d582e-4be2-4223-a7a7-71555fae64ee,$856947.85,Male,0,0,0,$5423.15,0,50,1
1cd3f417-432c-45a1-b01c-f9e845435a26,$586108.95,Male,0,0,0,$59659.80,0,48,1
17ae9417-5c91-48c4-a144-21b41a06fdd2,$910686.67,Female,0,0,0,$123183.43,0,49,1
da1a45dd-071d-4152-895c-d83f627f7484,$138721.91,Female,0,0,1,$7578.29,0,47,1
15c0dadd-5f59-473c-8603-5b9e2f5808af,$185944.49,Female,0,0,0,$47573.05,0,51,1
8aa29188-b72d-4bd0-ab90-3cb278bdf9d4,$527573.98,Female,0,0,1,$53925.86,0,49,0
83fe0dd9-d197-430b-9e08-27f5edbfa1f8,$992833.81,Male,0,0,1,$14957.75,1,48,0
ce5ac872-8222-4f52-b6a0-f56a6ef2c670,$584165.74,Male,0,0,0,$112632.70,0,46,1
f88927a3-4e29-4d58-9d3a-1c90f17ea522,$949857.51,Female,0,0,0,$76034.86,0,48,1
3043beec-59d7-4de2-b59e-6e2a2c6984e8,$690120.85,Bigender,0,1,1,$142516.40,0,51,1
2cbe2fc1-b9e3-440e-9baa-f08927b31433,$119502.58,Female,0,0,1,$75047.03,0,51,1
52865a2e-b84b-4c78-9d81-fff196a7fb15,$494050.71,Female,0,0,1,$109392.75,0,50,0
657418e6-9f2d-4ec9-8c5d-95ebb5296344,$6919.99,Male,0,0,1,$35770.81,0,47,1
4fcb2e50-6f61-4472-9f93-39c2d8ef7373,$321984.53,Male,0,0,1,$22794.91,0,49,0
92f40300-a233-4861-8efc-8d99ba24c43a,$631560.93,Male,0,0,1,$49963.75,0,49,0
bf88eab0-0564-4494-930e-679968eb341e,$515895.62,Male,0,0,0,$95362.45,0,50,0
c5e18bce-cfd0-4185-8596-3999e9ee7fda,$919839.96,Genderqueer,0,0,1,$2001.44,0,48,1
66e269f4-6f57-4348-9891-68e0a90f03df,$779081.53,Male,0,0,0,$11174.68,1,48,0
c6c23755-66c2-409e-8313-811e2070067d,$3603.87,Genderqueer,0,1,0,$137001.30,0,48,1
f1cee637-a045-4f74-bf50-627900f6e227,$593151.21,Male,0,0,0,$91728.12,0,52,0
1e8090c8-b470-416f-a096-917c7ab3500b,$6729.27,Female,0,1,1,$124321.14,0,50,1
b06620aa-26dd-43f5-884f-4fb53bbac52d,$600681.58,Male,1,0,1,$131600.24,0,53,0
208847b2-78b8-493e-90d1-c63f3e0990cb,$333937.55,Male,0,0,0,$100366.50,1,50,1
b55e0682-0953-4372-927c-02629071c7b4,$517828.15,Male,0,0,0,$46632.52,0,51,1
68826cab-01ef-4351-90d4-301407a2ac48,$607852.84,Male,0,0,0,$102755.91,0,54,0
59e88692-4bd0-4a15-b485-9802478a64f3,$260170.76,Female,1,0,1,$91313.11,0,50,1
02afb06e-c992-49a0-ad9e-71e485ca6b78,$655107.52,Male,0,0,0,$35328.07,0,53,0
66476fcc-fd1a-4b5c-b93d-daddf204014d,$21869.01,Polygender,0,0,0,$147533.81,0,50,0
50df47f5-3564-4c0b-9c19-bb2be2703f73,$967066.68,Male,0,0,0,$98737.69,0,53,1
cac6de57-d15f-4c9b-b47c-0de3037bd78a,$581223.32,Male,0,1,1,$37220.13,1,52,1
32a3b008-6a5c-4aa0-9a90-7730213cc660,$788729.76,Male,0,0,0,$131250.09,1,50,1
d3c6e73f-e9fd-4e0f-90c7-781e5d5ec1f0,$38927.35,Male,0,0,0,$61623.91,0,47,0
c2a6faa7-5ca8-4db1-beea-e857aadc2254,$358544.58,Male,0,0,1,$15952.42,0,52,0
f5445842-6daa-4224-ad09-eb30078ff254,$203438.80,Female,0,0,0,$138918.97,0,51,0
2cff0cd2-b3ca-4fe9-84ae-4fedd485f609,$560415.56,Male,0,0,0,$116215.52,0,51,1
d389f1a6-4dae-468c-866e-d14de8671e93,$627269.32,Female,0,1,0,$96649.49,0,50,0
39cf9697-50b1-447e-ad4f-0ecca41ab89e,$181700.79,Male,0,0,0,$6272.12,1,47,1
5e739cd8-ab36-4fb4-a3c1-401e894d2c0d,$905006.30,Male,0,1,0,$72910.14,1,48,1
17b81b8a-d50e-4abb-ad06-98f917a108c0,$323547.36,Female,0,0,0,$66494.78,0,49,0
eb018392-5891-40a9-ab24-e3b6fb10f883,$918375.16,Female,0,0,0,$10224.07,0,49,1
0e70acdc-f964-4dd8-8a50-e438dba7500a,$676992.78,Female,0,0,0,$142032.23,0,51,0
a6114415-e5b8-4d8a-bc1f-442e3fc388b0,$988496.33,Male,0,0,0,$13951.93,0,51,0
93ba3107-cd80-4d0d-a292-ecbae5f5ead2,$159273.43,Female,0,0,0,$135846.46,0,51,0
c7e8f4e7-35af-4e51-afed-3d7735bbf7d0,$837393.03,Female,0,0,0,$80119.52,0,51,1
3f66981c-d077-46ec-aa4c-24931b53f2a4,$615958.76,Female,0,0,1,$130524.37,0,47,0
51a7bd89-0647-4080-ac6e-0f5b47cf5bb0,$600546.91,Female,0,0,0,$87480.02,0,49,0
192a74c7-0e47-486b-9be8-0e908fff7a63,$346615.03,Female,0,0,1,$75939.83,0,48,0
e7a573d1-8761-4273-9448-fa6bdd0e2481,$978561.75,Non-binary,0,0,1,$9555.31,1,50,1
77994fd3-9c3a-4d8c-bfef-e71393d30b75,$98208.19,Male,0,1,0,$71614.05,0,50,1
c88b6518-ca11-4545-a209-5e119f15c933,$911036.13,Non-binary,0,0,0,$11336.35,0,53,0
32e64410-1615-4642-a280-032986285e7a,$33906.83,Male,0,0,1,$14332.61,0,51,0
5c257fdd-dea2-46db-abc0-7d20b8c03a1f,$418966.45,Genderfluid,0,0,1,$117889.71,0,50,1
1e0cba56-6be7-4b28-bb69-d95c57645bca,$990777.61,Male,0,0,0,$2102.84,0,48,1
556126cb-3291-4283-bdc3-3795ce2c7ad0,$909147.42,Male,0,0,1,$108938.26,0,50,1
df3b25f9-4b38-49f3-81e8-b1b4a9fd4cf9,$290755.43,Male,0,0,1,$84631.67,0,50,1
9b8175c5-9802-4f83-a94f-aef97ec2fa13,$292528.82,Male,0,0,1,$4493.90,0,49,0
080325d1-001b-478b-9d45-1c51b19966b0,$663525.02,Male,0,1,0,$34158.86,0,50,0
9ce83121-abde-48a3-a0dc-329c9dc6228a,$195715.03,Female,0,0,0,$147079.42,0,49,0
fa1d7c29-2ce6-4c51-97ca-80ea97a23490,$66989.57,Agender,0,0,1,$9950.89,0,51,0
906b369b-a49a-4109-a971-d6828ecf4a97,$192175.06,Female,0,1,1,$18250.35,0,51,1
496a12b2-19a1-4f68-9540-fb6c74ee6f37,$424257.28,Female,0,1,0,$11349.86,0,50,1
e348a195-8a39-4f19-a777-634daa79941a,$45266.95,Male,0,0,1,$142652.47,1,51,1
31f42aff-0be8-477f-9b0f-08f75bf55e4e,$133378.38,Male,0,0,1,$22105.97,0,52,1
66a24274-cec4-49ac-9ea4-7223fda7ed7b,$435016.79,Male,0,0,0,$78635.05,0,49,0
a4a85df5-4c88-4053-b665-b90369e6526b,$670881.75,Female,0,0,1,$72066.74,0,47,0
1abc702e-31d9-442c-9c80-f6a8a1cb2d72,$971812.67,Male,0,0,0,$29251.95,0,51,0
d8f3e5db-c995-4d70-977f-9fa052bd4eb7,$659695.67,Male,0,1,0,$148402.88,0,48,1
5e050bef-c597-4a2f-9928-9ef5acb29c03,$27187.07,Male,0,0,1,$114852.93,0,49,1
f1469f28-6802-4da4-b261-5a241e2f9ea2,$501653.18,Female,0,0,0,$101810.32,0,52,0
1d75ef23-5923-461e-a32b-63fe5216ca3e,$377191.18,Male,0,0,0,$43049.01,0,50,0
46d8e2ad-bfcd-4b20-bd74-f38f807a13fc,$756320.43,Female,0,0,1,$11168.13,0,51,0
d0b62de5-f593-4121-881a-449ce2bd36d8,$968329.73,Female,0,0,0,$28062.99,0,51,1
49472c6c-9441-4799-bcf0-6fb0f4b3cd67,$755296.28,Female,0,0,0,$68727.48,0,49,0
504d9a25-72e6-4d82-bec8-f1916ab59fac,$675743.39,Male,0,0,0,$97066.90,0,47,0
bef7dc83-ca89-4d14-bdee-e1135d8d59e5,$655210.79,Male,0,0,1,$52733.85,0,47,1
80c11c64-bfa3-4aec-8149-b0ba97c54e1d,$476226.59,Female,0,0,0,$73180.71,1,49,0
1881fd53-4426-4590-9569-ddc73affe7a8,$257139.54,Male,0,0,1,$75796.49,0,52,0
492b0e19-b00d-4c9b-ba10-d74a1d41d4df,$759295.73,Female,0,0,1,$47278.27,0,51,0
4a3c86ed-c392-463c-b140-63453c80b6a7,$711083.74,Female,0,0,0,$129793.02,0,49,0
5989f1c0-f9fa-4749-9a96-e3b7c64e27d1,$791992.89,Female,0,0,1,$11739.42,0,50,0
d4ba4980-f5a5-4ed9-a905-4d5eaa9762d0,$842589.51,Bigender,0,0,0,$60121.01,0,47,0
1bfd5f6a-d40d-4a0d-957f-233699823a48,$35805.32,Male,0,0,0,$125632.35,0,52,0
072945bf-5c35-48c6-b40b-c6ae65a25add,$380707.95,Male,0,0,0,$77490.45,0,51,1
5474f018-e7f2-4839-9a60-1d6127bd150a,$843.95,Male,0,0,0,$83795.41,0,51,0
0d547a51-2b76-4b02-aac8-02928840833e,$581765.95,Male,0,0,1,$122750.04,0,48,1
6d77c2e8-67ef-4373-9d5f-940aa703e501,$615422.39,Female,0,0,1,$47168.97,0,49,1
523829ae-6188-4332-82c7-1225697bd856,$566412.47,Female,0,0,1,$89470.86,0,45,1
fe5328af-af38-400b-9691-998c5e4b38ea,$549450.98,Male,0,0,1,$96762.62,0,47,1
e58e7125-9189-4e28-98ad-4d6a1ae93685,$188735.67,Male,0,0,0,$22518.61,0,53,1
a145a9a0-b7ee-43bd-a83e-c15204e97bc4,$203143.79,Female,0,0,0,$91613.68,0,47,0
08fb1430-b7fe-42cc-adaf-c320e74e13b3,$883324.80,Female,0,1,0,$31807.21,0,47,0
afbc08da-e79a-4887-bab3-2edc12c3388f,$782002.25,Female,0,0,0,$13403.81,0,50,0
40c85869-02a2-48bf-84d1-588ef35e4072,$946008.92,Female,0,0,0,$105063.51,0,52,0
f07e5009-1103-4e2d-a530-993916d1ed29,$941729.66,Male,0,0,0,$14853.28,0,49,0
5db7f721-4b62-4ebd-a033-94c712556d84,$889761.06,Female,1,0,1,$143632.71,0,49,1
51c558c6-320c-47d0-8ab0-fa9559449a24,$712301.77,Female,0,0,0,$137869.60,0,53,1
9c9531a0-24d5-4222-80dc-0f9b11e8b24d,$788245.70,Female,0,0,1,$64074.09,0,49,0
9e9a964b-8ab6-4b24-816c-6888ee0e8396,$292334.58,Female,0,0,1,$48647.17,0,51,1
c5e1f73b-980d-4b1f-8065-1384d3cdfcc7,$444021.25,Female,0,0,1,$2365.41,0,53,1
8bdf0872-1099-48c7-ba62-6ffe168b4568,$37639.82,Female,0,0,0,$138600.99,0,50,1
0080407f-5eed-4825-aba6-86a7fa91522b,$762524.60,Male,0,0,0,$79132.70,0,49,0
19678199-4e06-4767-ba86-e180ddd0f1d0,$96424.37,Male,0,0,1,$124911.05,0,49,0
62d1399d-0fad-4906-a279-09c578463a3d,$379882.59,Female,0,0,0,$45725.11,0,50,1
5d8b1fb3-de89-44ea-b8ba-0fc877486905,$78695.47,Female,0,1,0,$2071.27,0,52,1
96981d61-f74c-4753-b76c-4d71d57b5b7b,$81581.12,Female,0,1,1,$8135.58,0,50,0
c9b8be7f-9a6d-440a-b57a-e9b3a4a3a72c,$599252.09,Female,0,0,0,$141027.67,0,51,1
d8518cea-c67e-4f16-ba28-f6907465beaf,$96513.55,Male,0,0,1,$44715.18,0,45,1
18db8eee-9c20-4e98-b1a6-a59422904366,$273504.73,Male,0,0,1,$31549.65,0,49,1
1dfe2391-80a6-4575-b29a-948fb2e86361,$534379.47,Male,0,0,0,$12858.59,0,52,0
70f76f84-6dc7-44af-96ba-d3ce61d9bdd4,$871589.29,Male,0,0,0,$42422.05,1,50,0
8cb21051-e936-46af-a093-68cf62fec841,$197547.81,Male,0,0,0,$108039.86,0,50,0
c766b539-df1f-4d08-bf19-fd6711cb8e7d,$601623.32,Male,0,0,0,$90500.43,1,48,0
a45a1d6e-55e8-4ed8-9673-fc45885cbb70,$487624.50,Female,0,0,1,$113368.24,0,54,0
70976533-ac42-44a6-a97f-c6cc3865139f,$832356.96,Male,1,1,1,$18932.09,0,54,0
6a196ec2-aab8-4154-8bba-7ba8d66b7df1,$664027.69,Female,0,0,1,$32907.81,1,51,1
92530f5c-540a-4c4a-8428-9ce0591d9f2f,$571592.24,Male,0,1,1,$125353.65,0,50,0
1ccb983d-327d-45b5-98a7-44206a936e7f,$930722.28,Female,0,0,1,$41179.54,0,52,1
55d3042b-0131-4cf4-b633-cc33d64f3d9c,$707924.01,Male,0,0,1,$42661.37,1,53,0
af359ac0-f0c2-4940-921e-e89489ac8c15,$895028.62,Male,0,0,0,$128160.81,0,52,1
a361a3bf-ff74-4b17-89af-017c25c37d03,$359786.89,Bigender,0,0,1,$143161.93,0,49,1
ed705f1e-b718-497f-b830-4ebfc68910b6,$33340.47,Female,0,0,1,$130921.14,0,52,0
ce1d967d-d6dd-43b8-a416-dfadf7615bd9,$12602.92,Male,0,0,0,$73298.28,1,50,0
bf37b30c-e498-401e-959d-e2c093b5d2ab,$393923.81,Female,0,1,0,$127351.34,0,52,1
22544822-d0ad-4eee-a960-19e3b785ab43,$649316.39,Male,0,0,1,$139303.66,0,51,1
31dd154b-3d44-43c8-9b7d-e86140124d29,$545430.44,Female,0,0,0,$30020.92,0,49,0
3c46fd30-1b92-42e5-9ee5-27bcd4ead8d3,$508932.15,Male,0,0,0,$105406.55,0,50,0
42d4d68f-9100-4748-86b4-abfa85eda640,$870416.74,Female,0,0,0,$45114.16,0,52,0
1fd9f10a-b6a4-44aa-8a7e-9c89cad46f73,$762750.94,Male,0,0,0,$132402.01,0,49,1
45efb197-cf50-4c96-8491-d387f8769aee,$588831.19,Female,0,0,0,$139222.86,0,51,0
11af33f2-2e4c-4902-9b8f-aa1141aaec49,$18006.59,Female,0,0,0,$146723.58,0,47,1
4c2cee51-13a8-4221-97bd-9b19ca139bb6,$9683.67,Male,0,0,1,$7186.59,0,54,0
c0002908-b6bc-4830-9bb5-b9ff6b30bf61,$265936.08,Male,0,0,0,$121579.80,1,50,1
b769b027-0ae3-468f-9eb6-60fb6603baba,$655452.60,Female,0,0,1,$40292.12,0,50,1
ed404113-424d-4a34-9eab-06d868af1c07,$56805.19,Genderfluid,0,0,1,$144361.23,0,51,1
e6010303-bc29-4f21-8a97-7aa9db94bd38,$781098.17,Male,0,0,0,$75124.84,0,51,0
5c355d58-9b34-41df-8d18-abb712afa83c,$404111.78,Male,0,0,1,$15924.57,0,49,1
ea21ade7-472a-48f0-8231-11b752716df9,$283290.69,Polygender,0,0,1,$109302.40,0,49,0
ee63e19b-14fb-48a9-a5c3-5b8446cf541c,$950688.91,Female,0,0,1,$37815.50,0,50,0
20d518e3-c02c-4017-8c5f-e8f88846bb88,$133438.07,Male,0,0,0,$144728.95,0,51,0
9eda3910-a7db-41a8-862e-17ae5de4ed28,$682207.13,Genderfluid,0,0,0,$95970.78,0,49,1
5a464303-bac3-48e5-95f6-640693c62806,$270962.86,Female,0,0,1,$18333.68,0,48,0
87583433-7649-41bf-ac5d-1739019973c9,$583538.75,Female,0,0,1,$73393.86,0,45,1
d5ab5956-36da-4d6a-b3eb-4adc1ee221e5,$75972.85,Male,0,1,0,$85948.27,0,56,1
94d9626e-e177-40ef-ac2e-1b7f3f60e917,$946982.87,Male,0,0,1,$11935.39,0,51,1
13ce1271-1f11-4a83-9076-006c498ffd42,$636374.46,Male,0,0,0,$84620.93,0,50,0
f3d32160-81f1-416a-b3d0-237a1c331621,$975595.05,Female,0,1,1,$120442.56,0,47,0
a04a15e1-5343-4414-ba8d-da8a5e5bf110,$747626.58,Male,0,0,0,$147486.90,0,49,1
476c773d-d757-440c-8a0a-a44bfec56216,$447738.28,Female,0,0,1,$20504.74,1,49,1
d0490a0b-9d4a-4cfe-87ec-54593479c297,$134835.71,Female,0,0,0,$76523.77,0,48,1
56b373da-cde9-45bc-8c95-661d2029aa30,$654378.00,Male,0,0,1,$26381.81,0,51,0
50e89f9a-9a34-4208-92a1-f51756097037,$365840.24,Female,0,0,0,$112138.52,0,49,0
eadd65f9-e6e5-498c-9d93-f85d98cdfe3d,$676661.39,Male,0,0,0,$44921.65,0,51,0
bc0e84c6-b1b7-4d10-8367-46cc395ec7b5,$375261.55,Male,0,1,0,$125364.78,0,53,0
62b5c628-dd56-4fbb-804b-37cca11069fd,$436933.57,Male,0,0,0,$36021.94,0,48,1
0035aaac-bb75-4fd1-8e37-e78152ccb03d,$192422.07,Male,0,0,1,$64297.95,1,51,1
e0bcf0b0-edb2-4d75-8eed-2a14fe2ed3c5,$201188.85,Female,0,0,1,$25333.01,0,49,0
8643237e-559a-4fde-ae6a-ad60f652c678,$16027.55,Male,0,0,1,$51637.92,0,46,1
6b1886fa-eb4d-4908-a242-664c09c48123,$6369.90,Male,0,0,1,$45394.67,0,49,0
7ff9e74c-da61-47b2-9fbc-0ebe71c5f79a,$217519.87,Male,0,0,1,$56706.07,0,49,1
632a39e0-c362-4d9b-b960-e2331c85d2c6,$752435.29,Male,0,0,0,$108519.51,0,53,0
a057981a-743e-4ba3-a236-42990765e0e3,$92073.93,Female,0,0,0,$20159.22,0,49,1
8bb9ddb0-631c-4ce2-8813-24fff8e47b16,$263372.49,Female,0,0,1,$104484.08,0,53,0
baf79d29-d15d-4364-9550-1464e7a8af28,$990849.37,Female,0,0,0,$17009.36,0,47,0
501587f9-5c7b-4b27-86f6-b5c2a90e820a,$766136.49,Female,0,0,1,$110310.08,0,50,0
fe8bc70b-8643-48de-8b09-14b995950c1a,$365951.16,Male,0,0,0,$80985.43,0,50,0
5cc678a0-f3e9-4e25-8853-7ce7b4e969d7,$281673.09,Bigender,0,0,1,$78093.83,0,51,0
81333ac4-8d81-492d-a3f5-9fa5fbe4a794,$201897.93,Female,0,0,1,$127739.25,1,51,0
fa9d1c7f-b37d-4dd0-9a84-4577a2a6edf1,$901321.79,Male,0,0,0,$29753.20,0,50,1
de52c6d5-b3a4-416f-b14c-c9bccceb7041,$771110.17,Male,1,0,0,$91161.07,0,49,1
778323db-ae66-4376-a6ee-0b0cebaabe2a,$87345.73,Bigender,0,0,0,$132815.07,0,48,0
b308d6c1-8bcd-47d0-bc4f-a3ad341055a3,$639183.46,Male,0,0,0,$4666.31,0,48,0
f59254bf-f539-402b-a56d-5ebbd9fa17d5,$85942.21,Female,0,0,0,$51307.79,0,50,1
5a2a397d-45ba-4ca6-8d98-00d2252b4f24,$825941.91,Female,0,0,0,$124935.52,0,51,0
73df76c2-b703-463f-96b3-4c4f60324dc4,$513293.84,Female,0,0,1,$64531.37,0,49,1
0295cb43-bc0c-4c5d-a501-a386ade7ee05,$520303.91,Male,0,0,1,$70417.06,0,48,0
47ebb628-7735-40a5-8b80-2d36aab13061,$812206.70,Male,0,1,0,$8367.56,0,51,0
262b8230-fff5-4395-b11e-7f3c804af237,$670000.47,Male,0,0,0,$51723.95,0,52,0
65b94d8d-cda9-4bfd-a03e-9486fd3fa3a3,$603157.22,Female,0,0,0,$99162.80,0,53,0
ecc99bc0-ea16-4b3b-b769-a6558f2677bc,$728092.25,Male,0,0,0,$119091.29,0,49,1
0ddb5f0a-b85f-4675-827c-5f28e747fd28,$783618.41,Female,0,0,0,$140829.43,0,50,1
6f768d4c-c4ab-425f-b517-442529885a28,$462384.78,Male,0,1,0,$111233.04,0,50,0
b6a9b1b2-1ebe-4c48-82c3-3c230900a866,$932797.37,Female,0,0,0,$110166.97,0,51,1
a06e6137-42e9-472f-aa97-9ba21ae9386b,$698429.34,Male,0,0,0,$128220.18,0,51,0
064e061d-f6e2-4084-a2f2-be4eca1d157d,$458390.46,Male,0,1,1,$6312.87,0,50,1
2554b56c-afb9-42d0-bffa-a5c46a70d5c8,$636479.64,Male,0,0,1,$68437.76,0,51,1
8bdcf8c9-cf44-4774-b201-9d3bfcbf030e,$48587.94,Bigender,0,0,1,$3879.07,0,51,0
77593af9-f120-4ec4-b5e4-610094250fc6,$908330.35,Female,0,1,0,$104097.11,0,48,0
6c90a552-a9a9-4374-9598-a69339a093cb,$460689.40,Male,0,0,1,$148451.97,0,50,0
43399c0b-c708-48b7-b78c-495cacec1e78,$910569.92,Female,0,0,1,$30829.67,0,49,0
a95c50f6-53b4-4d35-a568-f37c5ed835e0,$484136.73,Genderqueer,0,0,0,$63250.55,0,46,0
8a5ac0c1-91a4-4c6b-8f4d-17636ae54701,$327799.58,Female,0,0,0,$60990.23,0,52,0
2475378b-60b3-4702-830e-9bba622bdd43,$701752.04,Male,0,1,0,$6699.69,0,52,1
6bd7406e-ac16-44eb-9395-8e7cb2a45d99,$921310.03,Male,0,0,0,$123137.37,0,49,1
626d548e-b59b-4e61-8099-60b2bfb02959,$923430.04,Male,0,0,0,$47059.97,0,53,0
25e990ee-e68a-409b-a781-b45289614f03,$802746.92,Male,0,0,0,$96144.84,0,49,1
a6e438ff-071f-4445-9242-b3a5f3512193,$292638.85,Male,0,0,1,$81041.95,0,51,0
857b4e34-e01e-4f56-9db0-f9f8aa7e9d68,$158913.43,Male,0,0,0,$109113.83,0,50,0
dca3566b-23b5-4361-a326-3e5f105a0b03,$707353.89,Female,0,0,0,$132231.33,0,51,0
f4dcdbba-73e4-4ccc-9c8e-ea0d80822695,$786848.29,Male,0,1,0,$64262.10,0,49,0
fc2c468c-3696-4e6b-9455-9026314199a0,$521804.82,Female,0,0,0,$83960.37,1,51,1
0df11b5f-9651-454a-8f60-cbfa27cc7ac5,$876557.02,Male,0,0,1,$70683.53,0,48,0
9d05bc7c-ca29-4c43-b353-fae82cd7fb5c,$219364.02,Female,0,0,1,$12523.14,0,53,1
76d8ccc8-3d6b-4682-b3d3-7d21db488313,$465020.31,Male,0,0,0,$57615.74,0,48,0
992bf53c-319d-4812-a112-fedbae148bc5,$682715.68,Female,0,0,0,$67074.12,0,51,1
e052952b-c8d7-49ab-ac56-20f7db46376e,$646400.40,Female,0,0,1,$102767.22,0,50,1
98040506-93d0-4772-8edd-68af7143f139,$511029.82,Male,0,0,0,$44094.39,0,51,0
23da1096-db23-438d-8772-012fbaf3e1c9,$751688.23,Female,0,1,0,$148346.64,1,49,1
c34e8d0a-6d60-469e-85a0-5ec598d11494,$683498.11,Female,0,0,0,$98088.82,1,49,0
63ca2325-2986-4771-b1a2-e1eb4863cca4,$324801.73,Female,0,1,0,$3618.44,0,49,1
c1309b35-f051-4d61-9639-9d0b37b3a49c,$989998.99,Female,0,0,0,$114450.64,0,55,0
f097b871-ef4e-431c-bc5e-8ec341961ea9,$270446.10,Male,0,0,0,$8793.66,0,50,1
ced0c591-19fe-4240-894a-8fca4ea9a6c4,$103637.12,Male,0,0,1,$114003.02,0,51,0
f03eafd0-1e8d-404b-8d97-580c3266706a,$929387.25,Male,0,0,0,$33736.48,0,51,0
9e8a677b-ee86-4bb2-916a-4df771fa67c0,$869881.20,Female,0,0,0,$104656.74,1,52,1
5d7901e6-00c1-4754-a2c4-bdd297f63f46,$244946.57,Female,0,0,0,$88183.77,0,50,0
28698c86-922e-4777-94bc-33001923daa5,$819603.95,Female,0,0,0,$137071.92,0,53,0
b75ccc80-500d-4a63-acc1-ad4e4dc18687,$303033.10,Female,1,0,0,$147816.08,0,49,1
f236aeab-a141-4a8d-9b15-3dde2574644c,$180366.41,Female,0,0,0,$59938.40,0,49,1
47a15659-c179-4dad-a3db-c9e9be00f637,$242623.10,Male,0,0,0,$105746.91,0,48,1
d7a91277-fe4d-4417-b04a-6618906d9768,$706642.19,Male,0,0,0,$105729.66,0,47,0
24f61b38-00c4-4089-8273-4eaf83728e6f,$984951.18,Female,0,1,1,$146370.70,0,52,0
00c36047-1a5a-4ccf-bbb8-8d9150ae293e,$749978.61,Male,0,0,0,$98106.51,0,55,1
f0fccfe1-4bd4-459b-a6c0-323237f472f8,$537838.26,Female,0,0,0,$144345.00,0,51,1
bd64606c-1a25-44b6-8774-b426d3a70df3,$403505.96,Female,0,0,1,$119410.64,0,53,0
2b455447-bd1d-4179-a428-e48df63c9dc6,$413480.41,Male,0,1,0,$42060.23,0,48,0
c8966eb8-c7e6-4545-ac73-cb077b90d364,$845849.05,Female,0,0,0,$126097.44,0,51,0
10b0b4dc-a58e-42ef-b489-f3c3c0c8f5de,$723690.08,Male,0,0,1,$35741.66,1,47,1
8701e086-eec5-47ed-b693-b8b158495219,$923234.56,Male,0,0,1,$89272.14,0,48,0
4fdcee57-e8a2-4627-85ba-b0e907d0135f,$132569.47,Female,0,1,0,$43138.02,1,52,1
ead22135-0f94-4fb0-9454-ac38072e115b,$574702.33,Female,0,0,0,$43264.70,0,55,0
15fd121a-3c9b-4f6b-90f0-3a684fb15279,$809315.44,Male,0,0,0,$119596.24,1,47,0
60663714-6749-458a-a741-7c45fd245b28,$609368.92,Female,0,0,0,$128559.99,0,49,1
1e286327-0065-45f0-bcec-4bccfdb62227,$839958.64,Male,0,0,1,$59966.53,0,53,0
b281ff3b-dca0-4dfa-96e1-ddb703550854,$875097.73,Female,0,0,0,$10804.35,0,48,1
c303874a-07cc-476e-acde-41263ca840a9,$441709.37,Bigender,0,0,0,$8079.00,0,50,1
8ee52f4f-7ae9-436d-bc41-6143670774a1,$409004.54,Male,0,0,0,$16543.58,1,47,1
dd95f634-bee1-4802-9c76-e3f954284bb5,$628030.56,Female,0,0,1,$61870.84,0,51,0
899edb54-32e1-44ab-936a-6d69bb23feda,$537126.75,Female,0,1,1,$52394.84,0,46,0
e7d65a8c-843e-47ce-99d1-3754129105d6,$157058.99,Female,0,0,0,$115217.02,0,49,1
575a5e4e-f18f-4eda-8ef0-49a51cfb0941,$397714.24,Female,0,0,0,$96728.12,0,50,0
ebb76112-f05b-4126-910e-60acd3d448ff,$940472.57,Female,0,0,0,$120384.41,0,48,0
2a4025af-6866-43a7-aa04-c34cec8156f2,$96516.08,Male,0,0,0,$41861.17,0,52,0
85fcaa6f-145c-4be0-a958-e60607b975c3,$842468.16,Male,0,0,0,$148023.56,1,48,1
0f11b79a-18eb-430d-9b08-a5dd72ef4e60,$815188.13,Female,1,0,0,$132408.74,0,53,1
767fcdcf-20b0-4a5c-be31-8d50926542a7,$890897.80,Female,0,0,0,$125548.24,0,51,0
4f31c239-1fcc-4049-805d-21922126c789,$730241.08,Female,0,0,0,$119599.53,0,52,0
8e2e3ec8-c7a9-4662-98dd-9d9df708b080,$200122.69,Female,0,0,0,$8565.85,0,50,0
10f82b99-e1df-4ab8-bac2-95c500188c74,$795479.50,Male,0,0,0,$49661.16,0,49,0
c5c49a05-a23e-4c63-ab8b-ad57335d719e,$486731.39,Male,0,0,1,$70498.30,0,50,1
41b63521-21c8-405f-8070-58eb3e517775,$194754.73,Female,0,1,0,$47346.78,1,53,1
71492ec2-24bc-4878-aacc-e0a36e3be80a,$22094.79,Female,0,0,0,$90182.94,0,52,0
cd1e39ac-8616-431f-8b72-0648190dba66,$352498.57,Female,0,0,1,$60434.84,0,48,0
7e132c5d-6f2e-485f-a9ae-a7b8b6aa26f8,$872690.23,Female,1,0,1,$128136.71,0,50,0
c4aaa855-4a39-47ef-ac03-96e1633affdd,$38504.71,Female,0,1,1,$100186.89,0,50,0
856c7e08-a033-4c70-8a25-3ea707437d3b,$950755.60,Male,1,0,1,$62760.85,1,51,0
3b744989-98ff-4af9-a9e3-b754fa577b7b,$333933.26,Male,1,0,0,$124135.59,0,51,1
c4eec64c-bf95-4ee9-a247-59bca6e6a9ea,$157841.49,Female,0,0,1,$24128.29,0,48,0
62163ea8-4fcf-4e8c-b53a-3b5bea48c7a9,$10083.10,Female,0,0,0,$139246.72,0,48,0
d287c027-e02c-4bb3-af91-0056feb8ff6c,$168973.38,Female,0,0,0,$76436.20,0,50,0
b1b57b71-5d4d-4473-867d-9d2da79a7b93,$612599.19,Male,0,0,0,$108012.06,0,57,0
498cca8c-4144-491e-a4fc-e9a8e11b50a7,$666087.74,Male,0,0,0,$127955.90,0,50,1
7d216592-1608-418e-b4e7-44f13d6beb49,$708691.13,Male,0,0,1,$11865.38,0,51,1
92920060-479e-4321-8d12-8c7733cb4611,$887917.74,Female,0,0,1,$137415.16,0,49,0
98275113-9f4c-42e1-afe5-e9d18a1a0c6d,$604955.80,Female,0,0,1,$118400.06,0,50,1
b1c5c77d-1ff0-412c-87bd-b7c53dccee41,$545101.66,Male,0,0,0,$21293.23,0,51,0
d50199a2-4ea2-40dc-82bb-032e62422106,$738649.25,Female,0,0,0,$73395.11,0,50,1
20ba85c0-d1d8-4f26-bf11-74d0d3495a40,$643734.73,Male,0,0,1,$146299.99,0,53,1
44262106-8b4a-45fc-bfd4-4eee4492b1d7,$978441.18,Male,0,0,0,$37944.23,0,50,0
174b103f-0b9b-4f06-89a5-721d84ac254a,$663223.93,Male,0,1,0,$40850.37,1,52,0
f9a755be-be23-4551-9937-4dbe8407970d,$599329.47,Male,0,0,0,$30853.10,0,50,1
3f161f5a-0fca-41f5-aa88-51f9277d871b,$367353.66,Male,0,0,0,$46201.58,0,47,0
855c4a02-d162-48b7-b90e-3b371848f69e,$439043.14,Female,0,0,0,$100153.60,0,49,0
dc6446c3-a94f-48bf-9e82-ebf4c199d800,$991768.43,Female,1,0,0,$130997.56,0,51,1
19abe121-3cdc-4e63-b250-ea3b3c342ccc,$285149.31,Female,0,0,1,$81308.84,0,47,0
a99e3c1f-ed03-41a1-b2ab-2966d800d6ee,$309708.62,Male,0,0,0,$66366.88,0,52,0
a0568073-356b-490e-a4df-e6acacb1a53d,$393215.67,Male,0,0,1,$53562.64,0,47,0
23fc78f0-5aaa-4aca-89c8-209b70817025,$135285.97,Male,0,0,1,$117075.03,0,49,0
cb46d1ce-60db-412e-9d2e-49f03416b60d,$84712.35,Polygender,0,1,0,$125793.68,0,49,0
292bafcf-b219-4915-9f6c-8782ca446df0,$424187.02,Female,0,0,0,$19855.16,0,47,0
fc45d5b5-a611-41d5-ab9f-d916fce21b58,$880848.07,Female,0,0,0,$129350.80,0,49,0
8371557e-80af-4b92-af07-a754718a8ede,$608500.72,Male,0,0,0,$139004.92,1,50,1
f1c13393-53a6-4b4a-8f8a-d590df3c38a8,$260159.42,Male,0,0,0,$105363.67,1,53,1
1d4dcdd3-6d0b-438b-baf5-bcc9a36a9948,$474686.11,Female,0,0,0,$57484.42,0,48,0
c93eff83-875f-4202-bf81-028c89c10a1f,$466525.00,Male,0,0,0,$66222.28,1,50,1
6cd2ddd1-214b-42d8-996b-44263f460bb8,$793259.12,Male,0,0,0,$130517.70,0,47,1
e72a23e5-9041-424f-a4b3-21626abeb803,$220166.99,Genderqueer,0,0,1,$58851.12,0,50,0
dfc52d8f-5fa6-441f-b625-e6672228c420,$632184.99,Female,0,0,0,$143135.98,1,48,1
9e9648c0-5533-4886-b0ad-beb6a28a16ed,$573613.43,Male,0,0,1,$25877.97,0,49,1
2342eca4-b8ce-4a83-97bc-c9a25d90b6e2,$475407.70,Male,0,1,0,$5581.83,0,52,0
b6bd2140-6666-488b-8b14-6926744a9ced,$664167.58,Male,0,0,0,$128472.18,0,50,0
8015fb89-d1bf-4737-8bb0-a95f6d93e1b5,$262246.37,Male,0,0,0,$9007.02,1,50,1
eae29950-d8b5-46a2-bfb7-cf91d1e5411e,$567494.83,Female,1,0,0,$135495.57,0,49,1
bfbb6e7d-bb16-45ec-adc5-f61912569bc7,$946817.32,Male,0,0,0,$114815.44,0,52,1
027424cb-9c3f-4863-98f0-42ed605f8dc5,$969067.63,Male,0,0,0,$2333.15,0,50,1
62aeac77-b3eb-4eb6-9290-762729a07416,$111771.78,Non-binary,0,1,1,$96592.30,0,49,0
155cb45e-cb9d-4472-9451-7028d32f31a4,$548691.77,Genderqueer,0,0,0,$123117.23,0,50,0
4d9d2c49-69bb-4d23-8e25-8755cb301ff8,$283046.45,Female,0,0,1,$95283.27,0,47,1
f82b512c-6622-4f21-88c5-735008c9062d,$996888.89,Male,0,0,0,$62155.76,0,50,0
b0521d0c-8896-4c84-b647-95194761e944,$674182.41,Female,0,0,1,$136621.01,0,49,0
d0d9cc51-9f22-4332-a68d-6cb16d68862f,$562622.27,Male,0,0,0,$101162.28,0,48,1
66501f09-e43a-48d1-9a92-cb7fc4cf5329,$443045.07,Male,0,0,0,$7687.73,0,48,1
be48c58f-0cf2-41f9-a4c4-511fd8813090,$150733.12,Female,0,0,0,$57594.36,0,49,1
2fc33e1e-bcbd-454d-a3dc-7a4a5895f2ad,$828180.54,Female,0,0,0,$110695.32,0,46,0
bc1b08b7-b8cd-480e-a235-b796c2309713,$454410.28,Female,0,0,0,$69665.20,0,50,1
1fbe9750-d561-497c-8858-c477451f0bd7,$53295.16,Female,0,0,0,$31247.20,0,51,0
881f6bb2-2eb1-4efc-a6af-ce63bd8beb7c,$141473.41,Male,0,1,0,$80607.89,0,52,0
42ea645e-8167-4257-9a47-8716dd0fcc40,$975476.37,Male,0,0,1,$148522.56,0,53,1
c2cd70b8-481e-4ee7-a3f4-43822056f0f0,$556640.07,Female,0,1,1,$84984.19,0,52,1
b751f916-470e-4d4c-bb8e-2b493467ca63,$931107.21,Female,0,0,0,$149008.45,0,51,1
e3426034-a152-4310-ba34-b9cbb5439ac7,$900498.95,Male,0,0,0,$117251.35,1,53,0
5ce95700-76f4-4189-8fd5-035b96f9718d,$111908.97,Female,0,0,0,$74931.66,0,49,0
527881b3-7ada-42bb-9f89-55e68f9b11fd,$783722.09,Female,0,0,0,$21115.77,0,51,0
fbcd6f8c-25ee-49d8-868c-67e3039dc1c1,$10815.26,Female,0,0,0,$126254.93,0,47,0
e300638a-a371-404f-815e-d04ebb7f1426,$511870.02,Male,0,1,0,$26286.72,0,50,0
a43991ff-1d23-49ee-9d07-28a7060c3989,$538652.18,Male,0,0,1,$75649.84,0,48,0
7b403079-3d23-4202-81f9-57d2a2e0d8bd,$354306.82,Female,0,0,0,$132425.61,0,48,0
3cad33c2-9196-4678-a5ea-3296faa9bd70,$402610.18,Bigender,0,0,0,$74946.57,0,49,0
a8d432ea-cb79-43ba-99d7-1f12f66bfe23,$540982.83,Female,0,0,0,$40752.60,0,51,1
d28738d6-aea2-4818-92c4-7f7a573f3ecc,$562040.51,Female,1,0,0,$88716.90,0,48,0
14f8843c-5ffc-4d0c-9e76-1073177a9c74,$765738.95,Female,0,1,1,$79698.00,0,49,0
49c9c208-e900-4f2b-8ac8-558e8b397e1d,$137146.87,Male,0,1,1,$94133.58,0,50,0
01f97ad6-9f85-4490-891c-8fb3f43f946f,$956553.97,Female,0,1,1,$100168.96,0,52,0
67e795d1-f0d7-42d2-8ef5-212ce48e6648,$649583.34,Male,0,0,0,$85411.30,0,51,1
8b8df2da-891e-4d10-b670-95322b43674b,$256759.96,Agender,0,0,0,$92006.48,0,51,1
1c688578-b286-4abd-91fc-075934438855,$209822.76,Female,0,0,0,$67124.94,0,47,0
ea3e9770-09ec-4184-9c05-0e1389e2e378,$857528.59,Non-binary,1,0,1,$83975.83,0,49,0
59ca30f5-4f0c-4f00-baf0-8f41ca4a2b92,$393532.58,Female,0,0,1,$98207.68,0,50,1
6ecd4931-3d62-4f1c-bad5-8b8353b57dc3,$348876.09,Female,0,0,1,$131923.77,0,49,0
6f4cadcc-90f6-45b9-a59d-df20d5ac560b,$475133.36,Agender,0,0,0,$93433.00,0,52,1
c76d5e9f-2897-4f17-b4a9-90636fe10c0b,$437418.94,Female,0,0,0,$38263.34,0,51,1
891bb8d7-9db1-41fc-9a0b-d89fb8590966,$866266.30,Female,0,0,1,$130074.68,0,51,1
46c32a53-cab2-46e6-8782-11962e6e0db9,$907102.52,Female,0,0,0,$8653.65,0,52,0
eacfe550-5004-440e-b902-9da5f331afb7,$312234.88,Female,0,0,1,$78001.10,0,49,0
90911b93-edf2-413d-9781-74162c7293b9,$489761.62,Male,0,0,0,$41523.51,0,48,1
368553f8-ff8f-4a3e-befc-d31e286af496,$48684.40,Male,0,0,0,$109757.03,0,53,1
fb4c45de-ee63-4467-ab26-f0f664b56545,$315481.46,Female,0,0,0,$113582.46,0,52,0
be39114e-fada-46d3-b164-8be009449da5,$612741.47,Male,0,0,0,$119524.04,0,53,0
76573e81-2da0-42c6-81a4-90473424c147,$37161.10,Female,0,0,0,$107666.40,0,51,0
6755b1c8-157f-426b-923b-0d5b4b85ab05,$306119.78,Male,0,0,0,$127908.98,0,51,1
4fd5be4b-317d-4f1f-9023-5d5a5d7860a2,$960386.25,Female,0,0,0,$110983.38,0,51,1
0af0ea43-6f80-4c5c-be54-d4d19554250c,$615475.89,Female,0,0,0,$88578.65,0,49,1
8a76016d-d189-445a-a6cc-ada05c9c87b5,$935094.45,Male,0,0,0,$7563.83,0,52,0
894474e5-1a99-4cdc-a31f-9abd1d7283e9,$805394.67,Female,0,0,1,$93392.28,0,54,0
a26fd446-d3c3-40db-acd9-04bbaae0c667,$446850.55,Female,1,0,0,$52563.79,1,49,1
4eab1175-a64b-4d8c-b786-f7170f7f5f91,$476537.93,Male,0,1,0,$89866.44,0,48,0
22737884-769c-4488-827f-377dad6cf0d9,$285956.08,Non-binary,1,0,0,$55083.58,0,50,1
a6bd2872-774b-46bb-8143-9e0ee4febeca,$883667.24,Male,0,0,0,$15045.74,0,51,1
624567b0-e932-4c8f-a50e-d07095577044,$795113.59,Bigender,0,0,1,$141745.87,0,49,1
1b88166a-5e94-46fe-bcb8-ca8154295092,$45124.02,Female,0,0,0,$29070.02,0,49,0
8ae4e126-3a19-4749-b80f-d732a0d23fba,$80515.18,Female,0,0,0,$228.05,0,53,1
42a832a7-f18b-473c-96f6-f0f68ccb7d50,$528702.69,Polygender,0,1,0,$44263.85,0,52,1
a9508355-ef6d-4ec5-b5a5-4ca7b895d22e,$548857.65,Male,0,0,1,$97540.02,0,48,1
8e2640e4-6570-41c0-8c6e-da6044e117e6,$786449.90,Female,1,0,0,$121750.70,0,51,0
ceb42e43-e6f2-4bc6-92b9-d2d3e13bc2ab,$408430.55,Male,0,0,1,$51733.84,0,46,1
1d4dc0d7-509e-464b-b44a-a6e7ac35d727,$944415.88,Female,0,0,1,$100768.56,0,46,1
9bed67c5-5434-4709-82e2-5389d458c33a,$524202.32,Male,0,0,1,$98252.28,1,49,0
66dbd15f-8c54-403c-aa43-b0598fc85e27,$160212.20,Male,0,1,0,$124268.93,0,49,0
b2202f13-09e4-456d-ae1b-ba57071536f4,$372055.02,Female,0,1,0,$127081.89,0,50,0
57589bb2-229c-41fe-be2f-e8dda933ba00,$958004.37,Female,0,0,0,$14634.84,0,48,1
24f6f6ae-dfad-4312-9497-f57dec84b8e7,$462751.28,Male,0,0,0,$54788.43,0,49,1
0c1e4c31-04ad-4afb-86c7-a72c2ca00f13,$679998.55,Male,0,1,0,$113081.49,0,48,0
f2bd787f-2995-4065-bfa1-1d105dd1bba9,$927457.40,Agender,0,0,0,$32613.80,0,49,1
83eb21ac-6711-484c-bd83-b665af29f3ba,$545775.67,Female,0,1,1,$79666.68,0,50,0
93e4df8c-072d-487b-9e1f-da3f1570e536,$453399.51,Female,0,0,0,$107433.51,0,51,1
9821bd00-c23e-4d91-a45c-d3c593d4dbbf,$934651.96,Male,0,0,0,$22548.94,1,51,0
f15b80ab-4a0a-4bd8-a3a7-45059ff5b7d7,$7230.10,Bigender,0,1,0,$56318.92,0,50,1
958257e0-d133-4f07-8828-1f16dbe325a1,$521248.49,Male,0,0,1,$61125.13,0,53,0
f3f8d8b3-bb7e-45dc-962a-043e95e633ea,$738369.24,Genderfluid,0,0,1,$146858.13,0,48,0
a61bb491-02ac-46ad-bce2-59342db9ba21,$818917.27,Male,0,0,0,$74158.15,0,52,0
f31fd658-1161-4e30-9bd0-eddaaa38dd70,$485242.01,Male,0,1,1,$73142.57,0,49,0
e5b8fe4f-0ddb-445f-8e78-c0d80ea0b4d6,$62092.00,Male,0,0,0,$144315.83,0,47,1
8d9cd4ae-00b4-485a-9e14-05c6cc24980e,$282333.13,Female,0,0,0,$107511.36,0,49,0
53b43c22-b32c-4f87-aa87-81aa5168e28a,$821742.45,Non-binary,0,0,1,$28952.63,0,53,0
52eb7d2d-be28-44f6-a62d-6f3927d2c4f8,$313896.20,Male,0,1,0,$25847.99,0,50,1
ffe438cc-d2b7-42eb-a3e3-f698bce92054,$931411.67,Bigender,0,0,1,$39368.17,0,53,1
d5873d3f-7ce2-4c16-84fc-9eaa2a0273c9,$863888.12,Male,0,0,1,$57415.28,0,51,0
ee50203d-5af1-4ae7-b68c-3ab48aa97554,$395249.34,Male,1,0,0,$92500.79,0,52,1
6773912b-5179-4af9-a471-692a121b3993,$60131.26,Female,0,0,0,$114584.95,1,52,1
c341bcbb-b7e3-453c-98ce-9eced35c2206,$845045.63,Male,0,0,0,$100818.87,0,53,0
0917d566-2ee0-4884-8c28-a48148ab4720,$84168.70,Male,0,0,0,$430.10,0,49,0
c3d1fb2e-a53a-40d3-8d8e-d86363fb9b71,$463614.43,Female,0,0,0,$144049.63,0,51,0
f5f8be2d-d0cd-4af7-9d1c-6d7adccf1ff7,$41878.06,Male,0,0,1,$97409.47,0,50,0
a827f4be-88ef-4a80-b19d-acea5d954a7f,$705791.93,Male,0,0,0,$26537.23,0,52,0
84e4ce41-4e8c-494c-9ae4-8acdd5cd3234,$903294.18,Female,0,0,1,$36244.19,0,51,0
31011a66-e00b-46d7-8f60-f1f7ca8b988b,$696826.31,Male,0,0,0,$25325.52,0,49,1
594fe0e9-624a-4aba-b7c9-5922a7b2a52b,$444845.64,Female,0,1,1,$60572.91,0,51,0
2bbba7e3-ad05-4bf1-ab87-3b61941ed6c4,$557170.65,Bigender,0,0,0,$81121.12,0,52,0
3f963581-1698-46b6-9d12-5acd722e128b,$29.33,Male,0,0,0,$146906.41,0,58,0
819b49f5-ac9b-402b-8609-f20003cbb2c3,$301671.09,Female,0,1,0,$143051.58,0,49,1
dd097dda-f27a-455a-b34e-72a1a54e070a,$662365.58,Male,0,0,0,$24312.55,0,51,0
4be9059b-fbf1-4832-a34c-785f70b0ae71,$351742.67,Female,0,0,1,$21073.97,0,50,0
2d242b59-130b-47d4-bcb9-e739c99c10b1,$55471.33,Female,0,1,1,$148103.80,0,52,0
09b08fb9-c66b-4a75-a3e3-1eac2a6c04d3,$962082.94,Female,0,0,0,$50380.73,0,50,0
2845b551-26e8-4a60-8a1d-bfd65202275f,$855370.16,Female,1,0,0,$97465.77,0,50,0
7c0e862a-8137-4d72-87e8-6a4cc5b1d619,$771764.18,Female,0,0,0,$62853.80,0,47,1
a52f9b07-c9bb-4dfc-81d7-4070fec1d123,$436966.94,Agender,0,1,0,$145883.64,0,48,0
6acfa0d8-1265-4dca-83ea-d2d3575a8dbf,$897556.81,Male,0,0,0,$105424.28,0,46,1
54334e00-80a5-43f9-ac38-0af20d9e9b6f,$319202.75,Female,0,0,0,$47802.44,0,52,0
f260bc59-1aba-452d-b68d-b90d8dcabd5f,$950021.48,Male,0,0,0,$9299.38,1,51,0
a0671993-a413-482b-82c3-82f5ac139559,$271257.28,Female,0,0,1,$34985.18,0,55,0
4880ddde-7a04-49fd-9291-ae06336e8a90,$323192.33,Male,0,0,1,$38732.21,0,52,1
abe206ef-8f72-406b-a231-ada0c97c5af4,$112888.18,Genderfluid,0,0,1,$119958.53,0,46,0
56a9a2b6-dc6f-4eb6-ae55-31b9aac0d06f,$527295.12,Female,0,1,0,$41219.44,0,50,1
fed4942e-d7bf-4bbd-9d74-3f2deaa2fe27,$367788.18,Male,0,0,0,$82041.49,0,48,0
dc51f6ba-0d0a-46b6-974f-d3651621ddec,$370805.83,Genderqueer,0,1,0,$122267.56,1,51,0
